batch_id,temp_c,pressure_bar,cycle_time_s,motor_speed_rpm,material_density,hardness_hrc,feedstock_purity,grid_carbon_intensity,ambient_temp_c,tool_wear_index,yield_pct,quality_score,energy_kwh,carbon_kg
BATCH_00001,68.97,11.15,158.41,2465.8,2.6564,55.22,0.9476,87.79,20.58,0.014,99.8,97.01,22.728,1.995
BATCH_00002,63.89,12.21,179.22,2610.7,2.7439,61.33,0.9757,475.48,20.18,0.0946,99.8,95.45,26.536,12.617
BATCH_00003,70.18,10.92,180.45,2517.4,2.8349,56.39,0.9625,96.62,22.93,0.0733,99.8,96.33,25.58,2.472
BATCH_00004,77.18,11.88,191.82,2635.6,2.7295,47.98,0.9571,147.14,22.03,0.0295,99.8,94.25,25.86,3.805
BATCH_00005,63.13,8.71,145.83,2735.8,2.775,53.05,0.9604,116.31,20.79,0.0514,99.8,97.6,24.767,2.881
BATCH_00006,63.13,12.93,194.81,3051.1,2.806,56.02,0.9703,441.25,31.32,0.1084,99.8,94.3,29.595,13.059
BATCH_00007,77.63,12.5,112.39,2703.7,2.8068,45.48,0.9721,96.63,32.69,0.129,99.08,95.21,23.287,2.25
BATCH_00008,71.14,10.87,164.25,2324.3,2.7539,45.25,0.9428,149.9,22.59,0.0635,99.6,94.72,22.414,3.36
BATCH_00009,61.24,13.82,167.79,3142.0,2.8216,47.2,0.9311,453.33,24.37,0.0,99.8,95.49,28.376,12.864
BATCH_00010,69.34,14.38,195.83,2548.9,2.7283,49.28,0.9324,149.62,23.25,0.0659,99.8,96.21,27.874,4.17
BATCH_00011,61.29,9.28,180.57,2782.4,2.8277,52.3,0.9705,132.31,28.43,0.0919,99.8,96.26,26.333,3.484
BATCH_00012,61.27,10.97,144.86,2934.0,2.698,53.29,0.989,127.25,29.22,0.0639,99.8,96.23,25.133,3.198
BATCH_00013,66.94,10.96,155.38,2859.9,2.706,47.35,0.9524,89.6,16.89,0.0845,99.8,96.15,24.649,2.209
BATCH_00014,49.69,10.62,184.97,3128.3,2.6606,56.45,0.9334,494.14,25.9,0.0701,99.8,95.36,29.218,14.438
BATCH_00015,51.2,14.16,178.02,2943.7,2.8091,55.13,0.9798,102.9,18.77,0.0069,99.8,95.84,28.621,2.945
BATCH_00016,60.5,12.11,165.52,2541.6,2.7334,50.01,0.9858,475.84,31.03,0.0213,99.8,96.03,24.838,11.819
BATCH_00017,56.9,11.97,167.98,3453.6,2.6958,45.23,0.9896,460.32,25.76,0.0444,99.8,96.2,29.018,13.358
BATCH_00018,67.51,8.49,197.4,2858.3,2.6964,46.32,0.9679,488.87,20.71,0.1003,99.67,95.93,26.864,13.133
BATCH_00019,57.74,13.77,167.06,2755.8,2.8303,51.66,0.988,344.46,23.03,0.0275,99.8,96.73,25.756,8.872
BATCH_00020,53.7,10.02,177.8,3089.2,2.8168,47.62,0.9212,396.11,22.84,0.0768,99.8,96.09,27.217,10.781
BATCH_00021,76.73,12.62,234.25,2874.8,2.7607,51.41,0.9285,133.92,26.1,0.0712,98.94,95.37,30.045,4.024
BATCH_00022,63.19,13.05,144.41,2919.8,2.7732,55.68,0.9273,135.32,28.17,0.1229,99.8,95.62,27.067,3.663
BATCH_00023,65.54,15.22,133.7,3547.7,2.7449,54.3,0.9763,104.62,19.41,0.0582,99.8,94.95,28.78,3.011
BATCH_00024,53.6,9.88,199.59,2717.5,2.7283,48.93,0.9255,457.55,31.36,0.0,99.8,96.15,25.636,11.73
BATCH_00025,60.64,6.46,163.03,2704.7,2.8331,50.84,0.9592,422.73,30.42,0.0867,99.8,97.21,24.31,10.277
BATCH_00026,65.89,12.87,172.04,2835.0,2.6751,55.44,0.9573,127.55,20.5,0.1468,99.8,96.44,28.744,3.666
BATCH_00027,55.79,16.1,160.47,3121.5,2.7337,59.63,0.9445,103.77,24.29,0.0902,99.8,95.18,27.046,2.807
BATCH_00028,68.01,14.98,173.5,2348.0,2.7189,57.8,0.9888,96.72,30.84,0.0306,99.8,96.81,27.18,2.629
BATCH_00029,60.19,12.92,219.96,2210.3,2.7496,54.41,0.9335,416.87,28.93,0.0193,99.8,95.66,26.797,11.171
BATCH_00030,62.67,11.52,200.05,2623.9,2.7415,51.16,0.9478,125.44,22.65,0.0249,99.8,96.71,26.236,3.291
BATCH_00031,60.19,14.11,201.56,2309.8,2.7538,51.21,0.9812,427.09,27.26,0.1436,99.54,95.63,26.973,11.52
BATCH_00032,79.82,10.55,144.59,2672.6,2.678,59.95,0.9224,84.04,35.99,0.0509,98.86,94.04,23.119,1.943
BATCH_00033,64.89,13.45,151.22,2950.7,2.7526,45.67,0.9732,88.25,24.42,0.0379,99.8,95.48,26.241,2.316
BATCH_00034,56.54,13.51,109.02,2532.8,2.6985,61.8,0.9845,149.9,21.47,0.0585,99.8,95.51,22.267,3.338
BATCH_00035,71.58,14.62,159.77,2372.0,2.6869,56.29,0.9936,104.67,24.69,0.0526,99.68,94.43,24.532,2.568
BATCH_00036,55.23,18.02,203.92,2820.8,2.663,56.58,0.9892,420.82,24.99,0.1285,99.8,96.51,31.092,13.084
BATCH_00037,66.67,13.28,192.92,3058.8,2.8025,45.65,0.9452,156.26,21.9,0.0256,99.55,96.37,29.392,4.593
BATCH_00038,49.32,11.48,174.46,2291.5,2.7355,55.29,0.9663,91.95,25.77,0.1139,99.8,96.43,24.793,2.28
BATCH_00039,54.37,12.45,179.44,3046.1,2.7753,53.24,0.9261,101.83,18.98,0.072,99.8,96.28,28.708,2.923
BATCH_00040,66.57,8.96,162.78,3045.2,2.7955,46.8,0.9404,466.97,21.34,0.1158,99.8,95.24,25.799,12.047
BATCH_00041,70.91,11.11,185.12,3086.2,2.7859,49.72,0.9274,160.45,27.03,0.1313,99.8,96.97,27.335,4.386
BATCH_00042,66.37,11.68,199.15,3165.5,2.7441,60.14,0.9449,169.83,16.98,0.0719,99.8,96.99,29.712,5.046
BATCH_00043,64.07,11.45,139.6,3460.6,2.7276,54.35,0.9891,426.74,27.61,0.0563,99.5,95.21,26.492,11.305
BATCH_00044,62.59,12.8,187.49,2693.2,2.7252,52.03,0.9474,450.1,15.95,0.072,99.8,96.53,27.962,12.586
BATCH_00045,53.17,10.86,203.31,2832.9,2.778,46.24,0.9644,533.56,17.07,0.066,99.8,96.87,26.783,14.29
BATCH_00046,59.24,14.74,169.62,2675.1,2.749,57.14,0.9542,168.68,22.0,0.004,99.8,95.53,26.52,4.473
BATCH_00047,61.31,12.5,197.52,2800.6,2.8198,56.95,0.9563,402.97,25.15,0.1328,99.63,95.7,28.319,11.412
BATCH_00048,73.46,12.48,250.37,3259.9,2.8249,55.44,0.9966,141.33,29.3,0.081,99.8,96.53,33.28,4.703
BATCH_00049,67.75,11.84,177.39,2396.5,2.6841,53.67,0.9434,117.36,24.23,0.0251,99.8,94.49,25.076,2.943
BATCH_00050,50.9,12.81,189.83,2541.7,2.6772,52.37,0.9696,113.3,23.01,0.0,99.8,94.91,26.507,3.003
BATCH_00051,67.59,14.15,161.55,3213.2,2.7761,55.09,0.9532,161.58,26.32,0.0,99.8,95.01,29.985,4.845
BATCH_00052,61.92,10.77,184.53,3106.0,2.7102,48.97,0.9248,472.2,20.52,0.1038,99.09,94.2,26.597,12.559
BATCH_00053,59.58,11.18,191.51,2691.1,2.6537,61.0,0.9587,156.28,24.56,0.0487,99.8,97.08,25.79,4.031
BATCH_00054,69.89,11.89,184.87,3056.3,2.8277,55.01,0.9843,126.38,19.2,0.0557,99.8,94.01,27.308,3.451
BATCH_00055,73.25,9.81,154.51,2902.4,2.6954,50.29,0.9278,98.79,24.33,0.0938,99.8,96.34,23.759,2.347
BATCH_00056,72.45,10.86,185.16,3250.1,2.8359,52.64,0.9255,105.42,23.48,0.0541,99.8,96.81,27.827,2.933
BATCH_00057,58.29,11.55,216.55,2822.4,2.7935,58.7,0.9321,122.57,20.78,0.0971,99.8,95.71,29.457,3.611
BATCH_00058,62.53,14.25,191.22,3107.7,2.8025,47.75,0.9804,429.72,24.66,0.0795,99.8,95.33,29.634,12.734
BATCH_00059,67.65,13.03,204.05,3592.6,2.6903,49.98,0.9772,92.31,24.63,0.0727,99.8,96.23,31.726,2.929
BATCH_00060,72.8,12.89,174.07,2979.4,2.6968,56.55,0.9646,150.04,28.7,0.0137,99.8,96.0,26.205,3.932
BATCH_00061,61.17,14.2,198.75,2814.8,2.7543,50.36,0.957,106.38,17.58,0.0442,99.8,97.0,28.421,3.023
BATCH_00062,63.51,12.23,186.98,3016.7,2.6844,58.47,0.9902,123.45,23.7,0.1016,99.8,93.37,28.227,3.485
BATCH_00063,56.15,13.28,156.23,2690.4,2.7111,47.22,0.9806,479.11,20.96,0.0506,99.8,95.08,26.499,12.696
BATCH_00064,55.43,12.29,187.96,3516.4,2.7143,57.97,0.9841,105.3,27.48,0.1266,99.8,96.56,29.503,3.107
BATCH_00065,71.5,13.03,155.21,2854.0,2.6819,46.16,0.9842,156.27,27.02,0.1727,99.8,96.05,26.885,4.201
BATCH_00066,75.85,11.33,164.18,2718.1,2.691,45.21,0.9708,503.53,26.03,0.1055,99.8,96.34,26.682,13.435
BATCH_00067,64.42,7.62,184.73,2549.3,2.8077,60.27,0.9562,126.54,21.18,0.1394,99.8,96.26,24.049,3.043
BATCH_00068,73.03,12.23,187.43,3129.2,2.6834,54.88,0.9883,491.98,27.54,0.109,99.8,95.87,27.428,13.494
BATCH_00069,67.89,15.35,150.27,3060.2,2.6557,50.98,0.9932,118.64,17.88,0.0592,99.8,95.7,29.347,3.482
BATCH_00070,59.84,14.35,206.35,2650.8,2.7759,48.95,0.9219,486.87,17.06,0.0891,99.8,98.33,29.742,14.48
BATCH_00071,67.89,14.43,194.3,2972.9,2.8452,55.49,0.9241,141.77,18.9,0.162,99.8,97.53,31.052,4.402
BATCH_00072,77.3,14.97,162.38,2347.4,2.7162,53.65,0.9957,532.91,23.87,0.061,99.8,95.39,24.496,13.054
BATCH_00073,64.71,12.68,141.56,2855.5,2.6737,61.86,0.9419,103.11,26.7,0.0408,99.8,96.08,26.737,2.757
BATCH_00074,77.52,12.89,176.38,2935.8,2.7641,61.71,0.989,462.87,12.1,0.0375,99.55,95.33,27.064,12.527
BATCH_00075,44.04,11.26,168.85,3312.2,2.8313,55.8,0.9507,401.13,29.29,0.0746,99.8,96.83,27.777,11.142
BATCH_00076,71.58,11.87,182.83,2568.8,2.8068,52.53,0.9294,87.98,24.52,0.0436,99.8,96.42,25.467,2.241
BATCH_00077,65.7,13.73,170.92,2416.5,2.7745,53.35,0.9264,471.55,17.73,0.1512,99.8,95.25,27.276,12.862
BATCH_00078,62.61,14.91,129.81,2531.4,2.713,56.6,0.9324,148.46,24.4,0.0933,99.8,97.78,25.03,3.716
BATCH_00079,65.73,12.22,170.29,2399.0,2.7584,46.73,0.9397,127.74,28.37,0.124,99.8,96.25,25.82,3.298
BATCH_00080,49.1,11.6,172.36,3201.0,2.6682,50.58,0.9586,105.89,26.4,0.0736,99.8,98.01,28.148,2.981
BATCH_00081,63.24,12.5,195.84,3264.6,2.7858,46.28,0.9754,98.54,28.4,0.0404,99.8,96.19,29.704,2.927
BATCH_00082,67.86,13.7,162.55,2896.1,2.795,46.25,0.9979,380.83,18.54,0.0341,99.4,95.75,26.484,10.086
BATCH_00083,76.82,9.61,221.97,3166.4,2.843,48.33,0.9549,478.87,22.34,0.0506,99.59,96.51,30.669,14.687
BATCH_00084,60.85,7.91,132.21,2840.2,2.7021,53.25,0.9609,98.85,20.3,0.1013,99.37,96.3,21.676,2.143
BATCH_00085,58.53,11.4,212.78,2771.5,2.6537,58.34,0.9612,374.18,30.87,0.1086,99.8,96.13,28.84,10.791
BATCH_00086,60.99,10.06,174.39,2700.1,2.7591,53.25,0.9626,148.5,26.56,0.1124,99.8,94.8,25.916,3.849
BATCH_00087,72.32,11.48,201.49,2706.9,2.7914,50.7,0.9609,394.43,35.39,0.0292,99.8,96.66,28.14,11.099
BATCH_00088,67.63,12.2,182.0,2335.7,2.8081,46.4,0.9207,88.17,22.13,0.0892,99.8,95.51,26.641,2.349
BATCH_00089,60.76,11.59,208.49,2879.3,2.6887,54.36,0.9201,461.56,21.1,0.0486,99.8,95.55,28.331,13.076
BATCH_00090,69.11,15.4,170.32,2787.9,2.7024,49.61,0.9277,97.44,23.43,0.1061,99.8,95.51,28.998,2.826
BATCH_00091,65.78,13.15,152.53,3023.6,2.7525,55.45,0.928,392.16,29.51,0.1097,99.8,96.44,28.861,11.318
BATCH_00092,72.75,13.1,215.51,2828.1,2.7161,61.61,0.9757,500.88,22.54,0.0441,99.8,94.46,29.309,14.681
BATCH_00093,59.38,13.74,177.16,2751.2,2.8221,46.89,0.9362,109.3,24.5,0.1301,99.12,95.79,27.186,2.972
BATCH_00094,62.38,10.22,185.54,2538.6,2.7448,48.61,0.9907,506.3,24.39,0.1854,99.8,96.98,25.781,13.053
BATCH_00095,61.86,14.58,210.87,2821.6,2.8099,53.04,0.9934,108.99,24.16,0.1257,99.59,94.75,29.379,3.202
BATCH_00096,53.29,12.35,154.2,3021.5,2.7661,61.47,0.9971,99.79,21.39,0.0863,99.8,96.17,27.24,2.718
BATCH_00097,67.37,13.84,194.89,2457.0,2.8046,58.12,0.9942,405.21,23.45,0.0806,99.44,95.37,28.329,11.479
BATCH_00098,67.09,10.36,165.25,2826.2,2.7165,60.27,0.9415,146.09,23.28,0.0853,99.8,95.6,25.549,3.733
BATCH_00099,65.04,9.39,176.7,2869.9,2.8163,50.67,0.9603,78.7,23.97,0.0637,99.8,97.66,24.441,1.923
BATCH_00100,63.12,14.14,181.81,2584.6,2.7049,61.86,0.9339,100.93,27.77,0.1047,99.8,94.35,28.465,2.873
BATCH_00101,53.68,13.25,142.49,2623.6,2.7592,46.75,0.9837,156.17,31.04,0.0495,99.8,96.77,23.588,3.684
BATCH_00102,61.63,10.7,160.53,2869.2,2.6928,45.9,0.9902,126.1,20.64,0.0199,99.8,95.52,24.1,3.039
BATCH_00103,62.26,10.76,213.78,2460.0,2.7451,59.55,0.9873,391.45,22.43,0.1047,99.8,95.47,26.806,10.493
BATCH_00104,58.58,14.75,202.15,2905.0,2.7136,60.76,0.9542,468.11,20.7,0.0972,99.8,94.89,30.428,14.244
BATCH_00105,63.71,10.12,178.43,2531.4,2.7033,46.54,0.9799,126.16,24.75,0.074,99.8,96.75,25.264,3.187
BATCH_00106,68.23,15.79,186.08,3118.9,2.8434,46.93,0.9277,394.83,21.85,0.046,99.8,95.81,30.444,12.02
BATCH_00107,80.09,10.7,172.64,3501.3,2.682,45.56,0.9232,450.83,24.96,0.1093,98.32,93.24,30.462,13.733
BATCH_00108,66.4,13.78,213.91,2541.8,2.8075,46.78,0.9795,91.61,28.41,0.0586,99.8,96.11,28.643,2.624
BATCH_00109,67.06,11.84,174.99,2960.3,2.8468,48.56,0.9536,151.4,13.9,0.0931,99.8,95.83,28.339,4.291
BATCH_00110,64.4,13.71,185.8,2582.0,2.654,61.49,0.9986,520.1,25.97,0.1697,99.8,94.0,28.66,14.906
BATCH_00111,49.65,11.41,208.65,3112.3,2.7898,56.35,0.9277,475.92,22.16,0.1256,99.8,95.51,28.75,13.683
BATCH_00112,64.79,12.17,160.57,2420.4,2.7006,58.24,0.9876,492.25,25.84,0.0452,99.8,96.9,24.361,11.992
BATCH_00113,65.48,12.58,218.97,2944.2,2.6581,58.19,0.9579,441.43,20.41,0.0494,99.8,94.49,31.455,13.885
BATCH_00114,84.71,10.5,141.74,2538.1,2.7306,54.1,0.9853,382.48,28.79,0.1069,97.01,90.25,23.129,8.846
BATCH_00115,63.46,13.98,220.74,2737.9,2.837,58.56,0.9846,484.03,27.65,0.0463,99.8,95.57,29.207,14.137
BATCH_00116,67.41,11.47,170.68,2490.7,2.6524,55.13,0.9924,98.18,26.27,0.0217,99.8,95.27,24.894,2.444
BATCH_00117,64.72,12.04,173.93,3046.7,2.7676,50.35,0.9435,124.12,27.17,0.1235,99.8,95.97,27.734,3.442
BATCH_00118,55.65,10.51,132.75,2548.9,2.7503,54.54,0.995,508.94,21.02,0.1155,99.8,94.91,22.555,11.479
BATCH_00119,74.14,7.38,168.63,2965.6,2.8247,54.07,0.932,494.29,21.52,0.1212,99.8,95.61,24.628,12.174
BATCH_00120,71.02,12.12,154.0,2696.8,2.6668,59.0,0.9265,123.75,27.01,0.1141,99.8,95.95,26.837,3.321
BATCH_00121,71.33,17.33,164.81,2765.7,2.7863,61.69,0.9541,466.92,20.93,0.1014,99.8,96.65,29.093,13.584
BATCH_00122,57.72,14.07,176.57,2844.3,2.786,51.99,0.9854,140.07,29.78,0.078,99.8,97.24,27.154,3.803
BATCH_00123,76.22,12.46,203.94,2571.5,2.7838,57.98,0.9574,103.31,22.71,0.1256,99.79,95.15,26.736,2.762
BATCH_00124,53.79,11.97,185.19,2863.1,2.8385,46.7,0.9855,65.09,26.01,0.1666,99.8,97.89,29.946,1.949
BATCH_00125,69.69,12.54,187.69,3259.1,2.8146,58.21,0.9776,505.71,32.4,0.0858,99.8,95.82,29.491,14.914
BATCH_00126,82.52,13.59,152.61,2566.6,2.6584,51.31,0.9365,144.7,21.18,0.0654,97.18,93.22,25.92,3.751
BATCH_00127,57.08,10.14,157.98,3151.5,2.7442,45.67,0.995,131.16,24.28,0.0613,99.8,97.93,25.694,3.37
BATCH_00128,60.47,14.73,224.97,3249.4,2.7296,51.18,0.9248,103.99,28.22,0.0725,99.8,96.14,32.829,3.414
BATCH_00129,65.8,13.93,161.62,2555.2,2.712,55.38,0.991,91.62,27.81,0.1157,99.8,94.63,27.651,2.534
BATCH_00130,60.97,13.94,221.41,2363.5,2.7403,47.03,0.9441,501.9,22.69,0.0225,99.8,96.09,27.581,13.843
BATCH_00131,52.59,13.38,173.92,2890.6,2.7268,60.71,0.9595,482.19,21.93,0.1261,99.8,95.39,28.579,13.781
BATCH_00132,65.55,12.54,180.06,2635.8,2.7365,46.32,0.9534,116.86,23.07,0.1347,99.8,95.73,25.985,3.036
BATCH_00133,56.5,13.85,206.76,3360.6,2.8459,60.81,0.9336,165.56,29.79,0.0375,99.8,97.98,33.027,5.468
BATCH_00134,68.79,13.68,211.8,2810.4,2.6677,57.02,0.9483,96.33,22.88,0.0707,99.8,94.78,29.804,2.871
BATCH_00135,57.64,11.79,177.23,2559.3,2.8344,50.61,0.9352,164.38,24.31,0.1135,99.8,96.3,25.795,4.24
BATCH_00136,77.4,11.35,170.29,2455.9,2.746,51.64,0.9361,391.05,22.29,0.105,99.8,93.97,24.837,9.713
BATCH_00137,58.73,12.7,178.6,3127.0,2.7747,57.59,0.9348,447.86,26.82,0.132,99.8,95.69,28.663,12.837
BATCH_00138,62.42,15.6,188.45,2628.6,2.816,55.23,0.9586,115.52,24.62,0.106,99.8,96.74,28.578,3.301
BATCH_00139,71.51,10.02,202.28,2813.1,2.7221,56.42,0.983,540.31,19.99,0.1627,99.8,96.32,25.811,13.946
BATCH_00140,55.15,9.56,180.11,3086.7,2.7361,51.62,0.9649,110.87,20.12,0.0997,99.8,95.77,27.023,2.996
BATCH_00141,66.82,12.83,195.47,2654.7,2.7319,53.29,0.9906,488.14,16.01,0.0737,99.8,95.35,27.602,13.474
BATCH_00142,75.46,12.6,220.96,2786.2,2.7249,61.83,0.9703,115.89,20.67,0.0709,99.8,96.1,29.766,3.449
BATCH_00143,52.14,12.85,189.53,2795.0,2.8351,48.64,0.9745,98.57,27.18,0.1434,99.76,97.71,28.022,2.762
BATCH_00144,66.48,12.99,187.79,3005.0,2.8158,52.1,0.9727,132.3,29.3,0.1156,99.8,95.1,28.471,3.767
BATCH_00145,67.08,12.05,142.03,2977.2,2.6718,49.96,0.9555,569.14,26.74,0.1402,99.8,97.91,26.344,14.993
BATCH_00146,71.25,15.48,114.23,2734.0,2.6716,58.01,0.9745,93.59,26.22,0.1398,99.71,97.2,24.522,2.295
BATCH_00147,55.1,9.3,189.71,2819.1,2.7356,57.99,0.9255,102.35,23.49,0.0349,99.8,97.37,26.063,2.668
BATCH_00148,54.44,10.84,177.63,2688.5,2.6697,49.97,0.9879,138.92,27.1,0.0706,99.8,96.31,24.388,3.388
BATCH_00149,69.18,12.29,167.13,2356.7,2.7738,46.38,0.9814,393.48,25.15,0.0758,99.8,97.17,25.729,10.124
BATCH_00150,67.38,9.21,186.09,2877.3,2.6787,45.19,0.9394,473.97,31.22,0.0844,99.8,94.99,26.824,12.714
BATCH_00151,67.0,12.15,178.49,3367.7,2.7545,52.27,0.9807,466.6,23.61,0.1007,99.8,95.33,28.788,13.433
BATCH_00152,67.77,15.82,208.19,2534.9,2.6514,51.98,0.921,474.85,29.37,0.1579,99.8,96.77,30.544,14.504
BATCH_00153,59.56,12.54,182.15,2568.1,2.7133,61.8,0.9372,127.73,27.5,0.1664,99.8,96.3,27.24,3.479
BATCH_00154,66.86,12.96,161.33,2538.8,2.7854,52.99,0.9251,102.9,26.94,0.1072,99.8,95.85,25.024,2.575
BATCH_00155,67.34,9.98,204.75,3017.4,2.7468,49.36,0.9816,438.58,15.95,0.1093,99.8,93.5,26.722,11.72
BATCH_00156,59.29,11.27,174.57,2934.5,2.8457,60.15,0.9797,455.6,27.72,0.0916,99.8,95.56,27.324,12.449
BATCH_00157,79.93,11.75,193.16,2752.4,2.8248,53.35,0.9843,513.32,23.49,0.1238,98.78,92.46,27.104,13.913
BATCH_00158,68.79,11.86,168.06,2524.6,2.7218,55.19,0.9204,71.21,22.22,0.1288,99.8,96.49,26.542,1.89
BATCH_00159,55.47,15.06,163.75,2827.7,2.6591,46.63,0.9596,131.38,18.07,0.1534,99.8,95.81,28.541,3.75
BATCH_00160,70.25,13.62,182.1,2330.6,2.8191,51.51,0.9757,117.24,23.98,0.1535,99.8,95.37,26.127,3.063
BATCH_00161,57.2,10.28,180.32,2843.0,2.8322,61.05,0.9323,414.8,24.13,0.03,99.5,98.64,27.502,11.408
BATCH_00162,71.3,12.99,192.0,3061.5,2.8141,55.02,0.9713,136.3,18.79,0.1164,99.54,97.04,29.993,4.088
BATCH_00163,74.27,13.5,173.28,2424.6,2.6756,50.86,0.9266,469.45,18.11,0.1783,99.31,97.06,23.796,11.171
BATCH_00164,58.43,14.78,134.09,2340.2,2.8496,55.64,0.9343,431.54,25.95,0.1059,99.8,98.2,24.247,10.464
BATCH_00165,72.71,15.66,169.18,3273.8,2.7017,60.48,0.9576,103.69,27.49,0.1694,99.8,96.8,29.901,3.1
BATCH_00166,68.3,10.47,199.85,2616.5,2.7948,49.66,0.9716,177.94,24.76,0.112,99.8,95.23,26.13,4.65
BATCH_00167,71.58,10.88,172.57,3140.8,2.8316,53.59,0.9315,484.13,28.6,0.1317,99.8,95.11,27.734,13.427
BATCH_00168,80.17,9.98,173.84,2753.8,2.6971,61.3,0.9346,506.13,23.65,0.0797,98.67,94.48,25.834,13.075
BATCH_00169,63.04,12.03,204.66,2751.4,2.8317,47.93,0.9362,419.29,23.78,0.0817,99.8,93.94,28.396,11.906
BATCH_00170,58.97,13.43,162.2,2931.5,2.7119,57.23,0.9389,501.98,20.33,0.1551,99.8,95.92,28.871,14.492
BATCH_00171,57.88,14.47,141.43,2534.8,2.8453,55.45,0.9379,139.92,17.76,0.1618,99.8,93.83,26.492,3.707
BATCH_00172,58.47,12.35,175.98,2839.7,2.7063,56.55,0.9512,137.95,31.42,0.128,99.8,96.1,28.036,3.868
BATCH_00173,64.38,11.86,167.9,2685.6,2.8407,50.97,0.9716,483.95,28.53,0.0783,99.8,96.85,26.133,12.647
BATCH_00174,67.73,12.8,155.84,2403.9,2.6607,50.34,0.9546,514.71,18.43,0.1296,99.8,96.28,26.108,13.438
BATCH_00175,67.21,10.83,175.62,2901.2,2.7919,56.63,0.9813,481.96,24.62,0.1786,99.8,96.94,27.07,13.047
BATCH_00176,71.62,16.68,192.29,2721.0,2.7564,48.66,0.9768,105.29,23.6,0.1985,99.8,97.96,30.452,3.206
BATCH_00177,65.1,9.28,179.77,2752.9,2.7456,52.13,0.93,473.96,22.9,0.1166,99.8,95.86,24.185,11.463
BATCH_00178,76.63,12.87,187.67,2437.0,2.6947,48.2,0.9239,90.79,22.36,0.0633,99.79,98.03,27.252,2.474
BATCH_00179,62.88,16.55,225.34,3277.4,2.7911,45.14,0.9894,409.33,25.53,0.1638,99.8,96.21,34.204,14.001
BATCH_00180,86.76,12.51,171.43,3063.0,2.6882,61.49,0.9263,112.94,27.27,0.1196,95.06,91.3,30.621,3.458
BATCH_00181,70.01,12.12,186.96,3089.2,2.7606,52.34,0.9317,96.41,25.61,0.1688,99.8,95.39,28.941,2.79
BATCH_00182,58.14,11.79,167.27,2708.4,2.7006,61.48,0.9217,107.37,23.52,0.1427,99.58,97.62,26.481,2.843
BATCH_00183,56.43,12.14,158.84,2281.2,2.8411,47.39,0.9696,115.9,23.37,0.0966,99.8,97.04,24.606,2.852
BATCH_00184,68.86,15.25,165.38,3385.9,2.6557,54.99,0.966,130.06,27.75,0.1347,99.8,97.47,29.938,3.894
BATCH_00185,63.21,8.08,168.03,2781.7,2.6899,48.42,0.998,143.73,25.85,0.1852,99.8,96.05,25.326,3.64
BATCH_00186,70.71,15.57,188.99,2575.4,2.6985,58.43,0.9901,485.33,24.29,0.1273,99.71,94.74,28.908,14.03
BATCH_00187,68.79,9.65,238.73,2925.0,2.7328,58.32,0.9525,453.49,23.86,0.0923,99.8,96.46,29.142,13.216
BATCH_00188,64.42,11.97,162.1,3150.1,2.6965,46.91,0.9494,542.05,25.38,0.0706,99.55,94.3,28.485,15.44
BATCH_00189,58.23,11.64,169.58,2793.1,2.7483,60.51,0.9435,132.6,22.13,0.1038,99.72,95.66,25.812,3.423
BATCH_00190,52.88,13.68,178.42,3183.6,2.8245,48.31,0.932,123.84,27.29,0.1187,99.53,96.19,29.941,3.708
BATCH_00191,61.43,9.3,189.89,3124.9,2.7924,55.42,0.9309,475.84,19.7,0.1683,99.8,98.38,29.214,13.901
BATCH_00192,71.85,13.42,186.59,2477.1,2.766,61.76,0.9305,149.68,22.35,0.0912,99.77,96.32,26.425,3.955
BATCH_00193,66.71,16.55,212.1,2597.9,2.6678,60.0,0.929,150.59,26.44,0.1986,99.68,96.14,30.876,4.65
BATCH_00194,55.03,9.77,119.34,3087.3,2.7888,61.26,0.939,153.37,19.47,0.0834,99.8,95.94,25.947,3.98
BATCH_00195,66.39,12.88,120.33,1986.2,2.6833,50.82,0.9442,121.03,17.71,0.2306,99.8,94.66,22.709,2.749
BATCH_00196,68.08,11.18,167.6,2755.2,2.8073,46.79,0.996,133.87,24.25,0.2068,99.8,96.09,26.301,3.521
BATCH_00197,57.93,13.35,207.43,2370.8,2.7,48.2,0.9657,477.77,17.21,0.1439,99.8,96.1,28.553,13.642
BATCH_00198,66.23,12.54,140.86,2657.0,2.7334,53.51,0.998,436.32,18.8,0.0728,99.8,95.03,24.377,10.636
BATCH_00199,65.47,11.22,104.81,2710.4,2.7201,58.48,0.9494,112.04,27.03,0.1369,99.8,94.81,21.702,2.432
BATCH_00200,55.86,13.48,194.28,2692.5,2.8218,47.55,0.9562,517.69,23.18,0.1241,99.8,95.52,29.576,15.311
BATCH_00201,67.86,16.11,186.09,2634.3,2.6753,56.22,0.9456,456.05,29.14,0.0891,99.8,96.06,28.13,12.829
BATCH_00202,69.49,12.12,152.74,2470.9,2.7631,50.5,0.9344,142.88,19.18,0.1521,99.8,95.54,26.934,3.848
BATCH_00203,73.66,13.94,155.36,3487.6,2.6784,50.8,0.9313,114.23,23.62,0.108,99.8,94.95,29.463,3.366
BATCH_00204,73.43,9.91,155.76,3360.2,2.791,56.25,0.9947,82.28,25.6,0.1128,99.8,96.29,28.956,2.383
BATCH_00205,53.98,10.59,182.76,2451.4,2.831,52.94,0.998,435.73,19.32,0.1337,99.8,96.54,24.364,10.616
BATCH_00206,57.5,13.44,164.34,3274.6,2.7369,58.8,0.9235,97.04,28.13,0.1193,99.8,96.12,30.082,2.919
BATCH_00207,69.12,15.47,192.35,2680.2,2.7476,47.65,0.9319,359.21,26.04,0.2259,99.39,95.44,30.456,10.94
BATCH_00208,69.11,13.21,108.63,2838.8,2.8355,58.43,0.9535,395.06,17.56,0.1218,99.6,96.59,25.294,9.993
BATCH_00209,69.12,11.87,158.58,2781.0,2.7542,46.09,0.9347,128.16,23.85,0.1613,99.8,95.81,27.208,3.487
BATCH_00210,95.0,12.5,151.85,2602.1,2.7475,48.3,0.9487,529.81,25.54,0.1499,92.07,85.21,25.243,13.374
BATCH_00211,69.57,10.0,173.59,3095.2,2.7657,56.15,0.9302,470.16,21.64,0.1587,99.8,97.04,26.377,12.402
BATCH_00212,74.08,13.71,166.55,2837.8,2.7878,59.53,0.9561,125.28,18.08,0.1622,99.8,96.35,28.003,3.508
BATCH_00213,72.63,14.26,199.95,2657.0,2.6714,49.3,0.9415,406.13,25.11,0.1807,99.8,95.88,29.586,12.016
BATCH_00214,70.21,11.6,133.52,2408.6,2.8142,50.56,0.9478,81.39,32.84,0.1566,99.8,94.43,23.135,1.883
BATCH_00215,62.48,11.56,181.14,2531.9,2.7371,54.13,0.9275,133.0,22.45,0.1553,99.8,95.26,26.582,3.535
BATCH_00216,71.07,13.03,193.96,2307.6,2.6645,48.6,0.9538,119.71,30.28,0.1491,99.8,98.02,27.112,3.246
BATCH_00217,58.82,11.63,226.42,2803.7,2.8072,58.79,0.9977,526.48,20.99,0.1417,99.8,94.49,28.929,15.231
BATCH_00218,63.11,12.37,167.96,2441.0,2.7254,58.15,0.946,107.91,24.86,0.1112,99.8,95.75,25.797,2.784
BATCH_00219,61.12,16.7,188.11,2720.3,2.6701,47.47,0.9892,517.33,27.09,0.1457,99.8,95.98,29.927,15.482
BATCH_00220,65.65,12.01,134.9,3211.0,2.7768,52.89,0.9866,123.51,23.97,0.1582,99.8,96.32,26.461,3.268
BATCH_00221,83.52,11.78,120.2,3159.8,2.826,58.17,0.9952,391.37,22.81,0.1651,97.54,90.41,26.637,10.425
BATCH_00222,50.06,11.2,201.12,2790.3,2.8276,50.73,0.9824,465.99,26.9,0.1567,99.8,96.17,27.59,12.857
BATCH_00223,70.49,13.99,179.86,2773.9,2.8415,55.76,0.9721,107.31,31.57,0.1406,99.8,94.31,28.098,3.015
BATCH_00224,52.1,12.14,209.46,3364.0,2.8235,45.85,0.9877,476.41,25.2,0.1481,99.8,96.1,31.423,14.97
BATCH_00225,61.22,11.2,145.66,2956.2,2.6504,55.35,0.926,526.52,21.94,0.1287,99.8,95.35,27.018,14.226
BATCH_00226,73.71,15.14,193.0,2701.7,2.726,47.6,0.9566,381.98,23.24,0.1638,99.8,95.13,29.752,11.365
BATCH_00227,65.51,15.34,226.72,2372.2,2.8137,59.12,0.9982,96.12,34.08,0.1429,99.8,96.83,30.357,2.918
BATCH_00228,56.38,11.3,190.49,2918.2,2.7233,51.04,0.9808,410.65,24.54,0.1594,99.8,95.76,28.022,11.507
BATCH_00229,59.28,8.77,186.91,3048.8,2.7703,49.79,0.996,498.51,21.62,0.1927,99.8,96.47,27.406,13.662
BATCH_00230,70.44,14.52,180.21,2610.5,2.7713,59.3,0.9816,438.63,19.42,0.1247,99.8,96.51,27.966,12.267
BATCH_00231,59.16,11.13,140.73,2887.4,2.723,45.85,0.9891,157.31,16.7,0.1774,99.8,97.27,25.91,4.076
BATCH_00232,66.73,14.08,213.89,2690.9,2.8309,51.74,0.9758,113.66,25.45,0.1553,99.8,94.79,29.741,3.38
BATCH_00233,65.36,8.56,164.73,2744.8,2.7506,51.29,0.9801,394.95,26.62,0.2353,99.8,96.92,26.382,10.42
BATCH_00234,59.79,14.29,192.61,2053.7,2.743,49.84,0.9613,461.82,22.41,0.1463,99.8,96.02,26.116,12.061
BATCH_00235,82.15,10.08,140.92,2733.5,2.8495,60.5,0.993,425.23,23.94,0.1832,98.11,92.19,23.18,9.857
BATCH_00236,70.07,13.96,150.51,3090.8,2.7487,57.77,0.9852,495.38,19.32,0.1564,99.8,94.85,30.546,15.132
BATCH_00237,48.8,12.53,215.88,2610.6,2.6857,46.09,0.9867,488.8,24.53,0.1007,99.58,96.61,28.311,13.838
BATCH_00238,66.49,10.59,171.32,2815.8,2.7526,57.15,0.9732,72.21,25.93,0.1359,99.8,95.08,27.412,1.979
BATCH_00239,59.71,11.69,216.33,2573.2,2.8128,53.96,0.9441,114.49,21.86,0.1924,99.8,96.52,29.716,3.402
BATCH_00240,71.82,13.87,178.04,2908.1,2.8054,60.31,0.9228,86.09,30.76,0.1403,99.8,97.93,29.602,2.548
BATCH_00241,58.66,12.71,133.95,2735.0,2.8077,50.32,0.9939,523.0,20.65,0.0692,99.8,96.98,24.709,12.923
BATCH_00242,64.08,13.67,202.3,2518.2,2.7916,54.76,0.9663,90.32,25.13,0.1572,99.8,97.39,28.729,2.595
BATCH_00243,69.04,16.45,165.25,3199.8,2.7008,53.51,0.9436,107.8,27.39,0.1153,99.8,95.28,29.566,3.187
BATCH_00244,71.93,9.37,197.47,3078.7,2.8224,53.32,0.9318,124.56,23.69,0.1647,99.8,96.76,29.849,3.718
BATCH_00245,55.4,15.73,180.63,2618.5,2.8287,52.75,0.9855,114.69,23.25,0.2219,99.8,94.86,28.658,3.287
BATCH_00246,62.32,12.71,141.42,2949.3,2.6888,48.5,0.9861,570.43,18.28,0.1911,99.8,95.77,26.685,15.222
BATCH_00247,61.2,10.7,184.11,2961.2,2.6761,57.85,0.9843,525.5,29.43,0.2222,99.8,97.74,28.282,14.862
BATCH_00248,59.77,9.84,234.91,2992.7,2.8451,52.67,0.971,91.05,23.32,0.1387,99.8,95.39,29.78,2.711
BATCH_00249,79.12,12.12,192.32,2291.7,2.8237,61.29,0.9489,462.81,26.15,0.1559,99.15,95.13,25.736,11.911
BATCH_00250,68.24,14.34,178.56,3102.0,2.8286,49.43,0.944,484.78,26.69,0.1203,99.8,97.02,30.883,14.972
BATCH_00251,54.91,12.24,206.88,2629.1,2.8273,56.61,0.9207,439.32,21.49,0.1352,99.8,97.07,29.03,12.754
BATCH_00252,72.34,15.52,185.27,2692.7,2.7583,60.99,0.9859,499.73,23.21,0.1259,99.8,94.73,29.389,14.686
BATCH_00253,81.98,9.6,185.24,3591.4,2.7793,56.28,0.9269,95.41,29.34,0.1112,97.69,93.18,29.149,2.781
BATCH_00254,73.26,12.48,152.71,2890.6,2.7591,59.81,0.9698,345.56,19.53,0.2185,99.8,95.84,28.123,9.718
BATCH_00255,52.85,10.0,185.85,2684.1,2.6602,59.07,0.9598,424.42,32.51,0.0807,99.8,97.09,25.512,10.828
BATCH_00256,61.13,13.23,205.89,2138.4,2.7991,51.12,0.9616,108.1,21.02,0.2196,99.8,94.34,28.586,3.09
BATCH_00257,75.14,14.27,159.1,3216.9,2.7511,55.2,0.9932,96.38,19.28,0.2151,99.8,96.3,29.922,2.884
BATCH_00258,59.34,11.66,215.61,2396.4,2.7795,47.66,0.9225,124.13,24.53,0.1857,99.8,96.23,28.775,3.572
BATCH_00259,68.55,7.29,177.71,2499.0,2.7505,54.1,0.9811,396.87,32.83,0.1216,99.8,94.01,23.469,9.314
BATCH_00260,71.2,12.9,157.81,2700.6,2.7484,48.92,0.9241,103.49,16.36,0.1033,99.8,95.11,26.3,2.722
BATCH_00261,57.58,13.37,204.94,3224.9,2.6844,57.64,0.923,150.56,23.44,0.1451,99.46,94.17,32.203,4.848
BATCH_00262,64.52,13.31,172.83,3032.0,2.7057,53.98,0.954,121.55,25.91,0.1925,99.8,95.27,30.874,3.753
BATCH_00263,40.0,14.97,198.99,2752.6,2.6818,51.99,0.925,442.44,24.13,0.1681,99.8,96.55,31.286,13.842
BATCH_00264,56.8,10.36,172.71,2892.5,2.6891,49.57,0.9823,75.08,25.53,0.1267,99.8,96.2,27.255,2.046
BATCH_00265,62.98,13.86,178.5,2619.9,2.8446,61.98,0.9618,124.05,21.13,0.2148,99.8,96.17,28.665,3.556
BATCH_00266,55.02,14.89,192.34,2841.9,2.6806,46.22,0.9223,141.56,21.6,0.2367,99.8,94.96,30.056,4.255
BATCH_00267,78.06,8.94,187.27,2822.0,2.7039,45.74,0.9232,455.55,23.41,0.1607,99.46,95.65,26.702,12.164
BATCH_00268,53.56,13.14,130.11,3090.6,2.7681,48.69,0.9684,429.13,19.48,0.1746,99.8,95.98,26.28,11.278
BATCH_00269,61.48,11.49,151.97,3090.2,2.772,61.51,0.9837,153.26,23.82,0.1103,99.8,96.03,27.106,4.154
BATCH_00270,66.05,12.34,203.24,2948.2,2.6808,61.65,0.9546,167.2,22.45,0.1545,99.8,96.94,29.891,4.998
BATCH_00271,76.53,13.2,176.7,2691.3,2.8087,56.13,0.9638,435.91,22.12,0.192,99.8,94.27,26.317,11.472
BATCH_00272,53.51,11.53,166.91,3022.5,2.807,59.96,0.9832,132.67,25.28,0.1862,99.8,96.23,27.824,3.691
BATCH_00273,74.31,11.15,146.04,2772.4,2.6975,48.64,0.9682,66.67,16.72,0.1522,99.8,96.42,25.658,1.711
BATCH_00274,65.08,12.57,153.01,2475.4,2.7077,61.52,0.9378,172.49,23.08,0.1619,99.8,95.45,25.241,4.354
BATCH_00275,57.15,10.33,129.46,2679.0,2.8376,47.43,0.9684,105.61,33.27,0.1555,99.8,96.65,23.993,2.534
BATCH_00276,68.7,10.33,177.47,2825.4,2.8151,46.72,0.9696,486.25,19.66,0.1627,99.8,96.48,25.667,12.481
BATCH_00277,66.59,13.86,165.04,3073.1,2.7896,46.91,0.978,113.62,29.14,0.1912,99.8,95.9,28.558,3.245
BATCH_00278,60.2,10.2,155.84,2744.9,2.6664,54.74,0.969,157.79,24.22,0.096,99.8,95.87,25.665,4.05
BATCH_00279,65.56,13.83,178.3,2437.2,2.7337,58.28,0.9966,175.2,21.59,0.1722,99.75,96.52,27.161,4.759
BATCH_00280,61.92,13.43,189.1,2817.0,2.7619,51.23,0.9356,444.14,18.72,0.1896,98.62,96.79,29.388,13.052
BATCH_00281,65.91,9.05,232.33,2834.0,2.6875,61.62,0.9951,144.95,24.56,0.1532,99.8,96.06,28.337,4.108
BATCH_00282,70.3,11.14,142.2,2855.8,2.7396,52.39,0.9625,467.19,29.81,0.1573,99.8,97.12,25.515,11.921
BATCH_00283,77.69,14.89,208.98,3076.0,2.7702,47.56,0.9731,537.86,22.44,0.1589,99.58,95.37,29.885,16.074
BATCH_00284,55.1,10.54,204.33,3105.7,2.7155,52.92,0.9279,156.92,23.68,0.1583,99.7,94.21,29.965,4.702
BATCH_00285,82.06,11.57,160.52,2621.7,2.8062,56.54,0.9501,104.45,28.04,0.1781,97.54,91.2,27.288,2.85
BATCH_00286,49.38,13.42,185.08,2615.2,2.8181,59.15,0.9808,158.39,25.36,0.1835,99.8,97.18,27.215,4.311
BATCH_00287,63.79,14.07,168.56,2487.9,2.7147,52.8,0.9758,465.79,17.71,0.0947,99.8,95.75,25.746,11.992
BATCH_00288,69.71,12.0,184.64,3009.6,2.8177,55.09,0.9232,135.35,24.4,0.2053,99.8,96.16,29.356,3.973
BATCH_00289,67.25,11.3,217.73,3234.6,2.6707,49.54,0.9632,432.17,30.05,0.1681,99.8,97.14,32.126,13.884
BATCH_00290,60.02,15.34,195.14,2705.5,2.8175,55.98,0.927,175.81,23.85,0.2574,99.8,95.99,30.434,5.351
BATCH_00291,63.34,15.98,192.72,2727.6,2.6806,61.76,0.9987,519.89,13.03,0.1329,99.8,96.04,28.948,15.05
BATCH_00292,61.06,14.46,169.24,3240.0,2.6666,45.83,0.9909,99.78,25.55,0.1463,99.8,95.13,29.917,2.985
BATCH_00293,60.29,12.67,142.9,2951.7,2.7784,60.07,0.9217,73.39,23.21,0.1733,99.8,96.37,26.012,1.909
BATCH_00294,71.8,10.88,174.79,2930.9,2.7444,54.56,0.9878,395.41,16.68,0.1984,99.8,96.59,27.022,10.685
BATCH_00295,67.86,10.84,210.17,2442.7,2.8316,49.29,0.9926,395.03,17.28,0.1043,99.8,95.42,26.495,10.466
BATCH_00296,59.46,13.55,141.82,3003.6,2.7226,61.23,0.9479,148.38,27.9,0.1497,99.8,95.08,26.559,3.941
BATCH_00297,72.2,13.34,153.62,2521.3,2.7074,53.22,0.9768,101.47,21.07,0.2069,99.8,98.63,25.602,2.598
BATCH_00298,67.46,15.3,183.16,2459.8,2.7501,50.64,0.9549,158.46,20.37,0.1458,99.8,95.91,28.166,4.463
BATCH_00299,71.5,13.8,155.38,2696.0,2.7412,48.09,0.9718,102.5,23.86,0.239,99.79,95.32,27.639,2.833
BATCH_00300,70.04,9.49,160.19,2624.3,2.7189,49.16,0.9469,472.51,21.42,0.1665,99.8,96.71,23.513,11.11
BATCH_00301,58.37,14.6,169.41,2733.5,2.7887,59.16,0.9455,509.91,24.4,0.1491,99.8,95.95,28.48,14.522
BATCH_00302,60.52,10.5,145.86,2367.7,2.8019,55.44,0.9535,432.54,23.19,0.2099,99.8,94.91,23.425,10.132
BATCH_00303,70.98,11.73,155.65,3087.6,2.8206,60.53,0.9315,490.97,19.2,0.2503,99.8,96.48,28.593,14.038
BATCH_00304,69.88,13.0,197.59,3138.3,2.8446,48.94,0.9857,118.72,21.96,0.2031,99.69,95.15,31.31,3.717
BATCH_00305,64.83,16.49,147.32,2215.8,2.7033,47.06,0.9475,549.25,25.77,0.2373,99.8,97.58,26.131,14.352
BATCH_00306,65.94,18.72,140.05,3093.5,2.7932,45.1,0.9516,112.72,24.17,0.2544,99.73,96.49,31.506,3.551
BATCH_00307,75.22,13.71,164.25,2556.8,2.7289,53.63,0.9906,103.37,23.67,0.1509,99.65,95.62,26.065,2.694
BATCH_00308,60.27,12.13,198.3,3057.1,2.7854,61.97,0.9592,105.41,31.75,0.2258,99.8,96.11,31.141,3.283
BATCH_00309,69.38,13.57,175.08,2779.5,2.7452,56.81,0.963,171.12,26.92,0.1277,99.8,96.9,27.299,4.672
BATCH_00310,63.38,14.28,168.39,2808.6,2.8488,50.24,0.9956,474.71,27.41,0.2061,99.8,96.19,28.889,13.714
BATCH_00311,63.26,11.86,181.11,2744.5,2.7958,59.91,0.9901,70.41,23.34,0.1867,99.8,98.12,27.422,1.931
BATCH_00312,73.79,16.09,136.36,3163.6,2.8405,58.29,0.9334,410.93,24.88,0.2397,99.8,97.14,28.799,11.834
BATCH_00313,71.6,12.96,192.37,2428.1,2.817,45.26,0.9574,532.6,22.28,0.2374,99.56,96.49,28.507,15.183
BATCH_00314,71.51,13.5,189.59,2982.4,2.8306,58.89,0.9967,166.13,27.11,0.2137,99.8,95.06,29.504,4.902
BATCH_00315,75.44,13.83,169.77,3130.4,2.8129,50.11,0.9494,521.15,23.56,0.2033,99.8,95.64,28.348,14.774
BATCH_00316,65.17,13.34,205.15,3014.9,2.7418,47.54,0.9494,96.96,24.89,0.2122,99.79,96.48,28.507,2.764
BATCH_00317,70.46,14.18,151.81,3497.4,2.7004,48.85,0.9354,180.46,24.64,0.1947,99.8,95.18,29.708,5.361
BATCH_00318,62.52,11.27,208.2,2641.3,2.7241,52.97,0.929,119.22,23.93,0.1903,99.78,97.29,29.321,3.496
BATCH_00319,67.59,11.38,183.86,3087.2,2.654,52.22,0.9785,510.76,35.75,0.2509,99.8,95.03,30.25,15.45
BATCH_00320,63.96,10.3,171.59,2768.2,2.7548,49.91,0.9808,91.12,21.33,0.2561,99.8,95.36,26.235,2.391
BATCH_00321,65.78,13.38,179.5,3170.0,2.751,47.93,0.9966,468.69,21.3,0.1884,99.8,95.44,29.716,13.927
BATCH_00322,69.76,14.06,177.32,2797.7,2.7551,57.96,0.9811,84.79,26.78,0.204,99.8,96.74,28.508,2.417
BATCH_00323,58.45,13.42,210.51,2683.6,2.8448,61.83,0.9392,540.08,21.62,0.1982,99.7,95.2,28.637,15.466
BATCH_00324,81.74,15.85,153.08,3191.8,2.8323,58.22,0.9232,172.8,22.83,0.131,97.09,90.97,28.966,5.005
BATCH_00325,56.95,12.49,160.94,2652.5,2.6823,50.03,0.9978,432.62,19.65,0.1824,99.8,97.09,27.288,11.805
BATCH_00326,55.29,13.84,205.91,2376.2,2.7238,49.16,0.9469,478.29,25.97,0.2603,99.8,95.56,29.275,14.002
BATCH_00327,74.26,10.32,165.11,2644.9,2.7348,48.7,0.9446,131.32,26.02,0.1668,99.8,94.93,25.64,3.367
BATCH_00328,71.33,11.73,202.51,2985.7,2.7221,47.32,0.9916,507.49,22.74,0.2818,99.8,95.25,29.086,14.761
BATCH_00329,69.99,13.89,222.49,3217.6,2.8097,54.37,0.9662,135.52,26.86,0.2446,99.8,97.72,33.074,4.482
BATCH_00330,70.03,14.2,169.96,2833.3,2.7548,55.29,0.937,450.06,16.57,0.2142,99.8,95.34,26.953,12.13
BATCH_00331,64.9,11.91,197.03,3195.5,2.7644,56.99,0.9902,471.0,21.17,0.221,99.8,95.88,31.097,14.647
BATCH_00332,57.82,12.36,151.16,2392.5,2.8206,56.56,0.9985,98.0,23.32,0.1623,99.8,95.55,24.98,2.448
BATCH_00333,65.61,9.46,198.87,2667.0,2.8112,49.97,0.9268,464.79,19.31,0.1889,99.8,94.77,25.811,11.997
BATCH_00334,59.58,11.79,184.99,2713.4,2.6764,50.62,0.9881,488.57,17.01,0.2576,99.8,95.26,29.356,14.343
BATCH_00335,72.8,14.28,191.83,2765.6,2.7928,56.59,0.9509,122.52,22.77,0.1758,99.8,94.7,27.976,3.428
BATCH_00336,63.82,13.65,163.86,2825.2,2.7371,50.94,0.9614,458.55,26.78,0.2433,99.69,96.96,28.78,13.197
BATCH_00337,58.4,13.5,138.47,3007.3,2.7089,48.61,0.9923,463.85,29.13,0.1462,99.8,96.1,27.548,12.778
BATCH_00338,62.43,12.6,192.58,2666.6,2.66,51.36,0.9969,451.49,21.81,0.1538,99.8,98.48,27.023,12.201
BATCH_00339,68.3,12.51,128.41,2841.7,2.7474,49.63,0.9407,384.1,26.93,0.2782,99.8,95.29,26.24,10.079
BATCH_00340,60.49,11.18,172.07,2786.5,2.7211,46.5,0.9368,103.13,26.55,0.2022,99.8,95.14,25.716,2.652
BATCH_00341,58.42,13.9,203.53,2522.2,2.7003,59.11,0.9264,471.01,28.87,0.1815,99.8,97.53,26.58,12.52
BATCH_00342,66.95,13.34,184.8,2765.9,2.7889,59.5,0.9644,99.17,22.6,0.258,99.8,97.06,28.242,2.801
BATCH_00343,66.96,13.48,228.71,2756.9,2.8039,48.74,0.9211,452.99,16.81,0.2538,99.8,96.38,30.811,13.957
BATCH_00344,60.94,11.45,205.63,2750.5,2.699,46.1,0.9525,445.45,24.28,0.2413,99.8,94.89,29.472,13.128
BATCH_00345,61.23,8.19,163.65,2809.5,2.6599,57.56,0.9258,421.14,19.94,0.1821,99.8,97.74,25.028,10.54
BATCH_00346,66.86,14.69,180.68,2822.7,2.8198,48.6,0.952,100.03,21.11,0.1939,99.8,95.93,29.497,2.951
BATCH_00347,53.42,11.54,178.82,2670.3,2.652,51.69,0.9232,149.27,22.8,0.2182,99.8,95.57,26.385,3.938
BATCH_00348,53.74,10.77,140.45,3181.8,2.8374,46.09,0.986,93.72,22.64,0.234,99.8,97.14,26.593,2.492
BATCH_00349,59.25,13.89,156.49,2449.2,2.7755,48.85,0.9366,102.68,24.57,0.1863,99.8,95.98,25.495,2.618
BATCH_00350,63.29,11.72,165.98,2583.7,2.7144,58.48,0.9459,451.88,26.81,0.214,99.8,94.83,25.293,11.429
BATCH_00351,67.49,14.62,129.09,3600.0,2.6993,58.67,0.9887,413.67,22.53,0.2183,99.8,96.04,29.596,12.243
BATCH_00352,76.8,13.73,181.19,2488.6,2.6518,48.52,0.979,397.09,25.58,0.2595,99.31,94.35,28.085,11.152
BATCH_00353,71.86,13.87,173.77,2393.9,2.6971,50.71,0.9373,576.88,24.06,0.2387,99.8,92.99,26.753,15.433
BATCH_00354,63.72,9.77,138.18,3020.3,2.6775,47.28,0.9257,409.16,27.74,0.1487,99.8,95.12,24.907,10.191
BATCH_00355,64.85,14.92,190.11,2176.9,2.7724,46.26,0.9765,436.66,23.25,0.2008,99.8,95.47,28.033,12.241
BATCH_00356,56.98,13.02,197.9,2729.4,2.6833,61.87,0.9509,483.27,23.68,0.1727,99.8,94.84,28.48,13.763
BATCH_00357,64.85,11.76,185.68,3443.7,2.7557,56.15,0.9805,476.24,22.5,0.233,98.97,96.58,29.779,14.182
BATCH_00358,62.69,12.79,171.9,2336.5,2.768,54.22,0.9552,483.44,23.35,0.2477,99.8,95.22,26.821,12.966
BATCH_00359,67.58,8.95,194.79,2205.4,2.7096,58.01,0.9473,440.08,20.87,0.2152,99.8,96.48,24.945,10.978
BATCH_00360,58.38,13.32,197.01,2350.2,2.657,59.28,0.9556,123.89,20.47,0.2009,99.8,94.77,27.923,3.459
BATCH_00361,69.15,10.44,187.69,3069.5,2.6575,58.71,0.9791,462.76,27.1,0.2148,99.51,96.91,29.128,13.479
BATCH_00362,77.26,9.79,159.38,3137.4,2.6553,45.28,0.9913,144.15,19.67,0.2209,99.8,93.64,27.544,3.971
BATCH_00363,64.13,9.46,186.92,2646.2,2.7978,48.18,0.9239,134.01,22.72,0.1874,99.62,93.66,26.214,3.513
BATCH_00364,68.21,14.73,209.89,3005.0,2.7136,56.13,0.9614,507.49,28.06,0.1647,99.8,97.24,33.351,16.926
BATCH_00365,70.52,11.24,165.08,3217.1,2.8093,51.39,0.9226,459.0,22.59,0.1319,99.8,95.14,26.947,12.369
BATCH_00366,61.79,15.57,232.45,3336.2,2.7363,61.7,0.957,459.3,27.31,0.265,99.8,97.76,34.523,15.857
BATCH_00367,66.79,11.43,166.86,2726.1,2.7406,56.31,0.9899,147.43,21.64,0.2346,99.8,96.56,27.642,4.075
BATCH_00368,65.1,9.09,180.81,2109.6,2.7526,61.26,0.9486,503.26,19.8,0.2297,99.8,96.79,23.932,12.044
BATCH_00369,65.78,10.27,163.19,2553.7,2.7926,48.42,0.9937,531.28,17.62,0.2663,99.8,97.05,26.187,13.913
BATCH_00370,58.82,14.97,185.58,2672.0,2.7047,59.69,0.9698,380.97,29.25,0.1659,99.79,96.11,29.166,11.111
BATCH_00371,65.2,12.19,136.44,2722.3,2.6743,50.46,0.9938,121.36,19.45,0.1472,99.8,96.12,26.268,3.188
BATCH_00372,68.98,11.4,166.35,2743.6,2.7612,61.82,0.9798,487.07,26.99,0.2324,99.8,97.28,26.078,12.702
BATCH_00373,76.61,12.82,152.7,3135.7,2.7154,47.68,0.9282,82.04,20.0,0.2292,99.8,95.34,29.579,2.427
BATCH_00374,72.67,13.5,183.38,3182.3,2.7385,53.78,0.9383,161.3,29.27,0.1487,99.8,95.27,31.004,5.001
BATCH_00375,82.23,14.73,204.86,2748.5,2.7794,58.48,0.9511,133.13,32.83,0.2328,96.81,93.12,29.64,3.946
BATCH_00376,58.86,15.4,196.15,3129.5,2.7488,52.35,0.9334,153.99,17.25,0.2028,99.8,93.89,32.36,4.983
BATCH_00377,71.98,11.78,120.71,2907.3,2.7741,52.96,0.9591,141.86,19.66,0.187,99.8,97.32,25.129,3.565
BATCH_00378,66.47,9.85,231.05,2819.4,2.7588,61.77,0.9572,119.71,27.09,0.2064,99.8,97.34,28.939,3.464
BATCH_00379,82.52,11.67,187.38,3072.0,2.798,52.23,0.9955,87.9,26.05,0.1225,96.71,93.59,27.168,2.388
BATCH_00380,58.53,13.02,160.59,2821.7,2.7912,55.27,0.9543,453.6,27.11,0.197,99.8,97.16,26.732,12.126
BATCH_00381,58.28,10.57,183.93,3417.3,2.7568,45.93,0.9821,473.54,21.7,0.1929,99.8,95.92,30.325,14.36
BATCH_00382,60.2,10.59,184.4,2368.5,2.7858,59.32,0.9944,154.64,31.95,0.2438,99.8,95.89,26.576,4.11
BATCH_00383,48.01,13.19,163.33,2645.4,2.8247,56.02,0.9893,104.51,24.47,0.2157,99.8,94.77,27.015,2.823
BATCH_00384,60.79,12.4,184.95,2762.0,2.7365,51.87,0.9365,49.54,19.13,0.248,99.49,97.75,29.176,1.445
BATCH_00385,58.93,12.57,164.81,2931.8,2.7326,45.27,0.9592,114.68,22.99,0.1209,99.8,95.51,28.212,3.235
BATCH_00386,66.2,10.98,169.89,3180.4,2.8028,55.06,0.9475,112.81,19.19,0.1898,99.47,96.34,28.431,3.207
BATCH_00387,67.73,12.04,162.84,2792.7,2.7665,45.22,0.9516,421.24,30.36,0.246,99.8,96.25,26.755,11.27
BATCH_00388,80.01,10.65,144.18,2373.3,2.6642,45.02,0.9485,133.21,21.36,0.2119,99.62,92.26,24.113,3.212
BATCH_00389,72.6,14.28,183.65,3052.8,2.8284,55.47,0.9853,422.38,25.97,0.2585,99.67,94.26,31.079,13.127
BATCH_00390,60.38,14.57,194.63,3026.5,2.6562,48.21,0.9557,144.76,22.12,0.153,99.8,96.01,31.142,4.508
BATCH_00391,57.81,8.81,192.87,2217.4,2.7997,48.26,0.9614,131.14,21.54,0.2548,99.8,95.55,25.56,3.352
BATCH_00392,68.94,10.64,200.5,2798.9,2.8018,56.11,0.9976,74.98,16.36,0.2005,99.8,95.91,27.109,2.033
BATCH_00393,54.44,9.51,188.11,2323.0,2.8406,45.91,0.9247,489.52,26.39,0.197,99.8,97.07,24.64,12.062
BATCH_00394,79.65,11.2,166.68,2600.6,2.6608,50.33,0.9585,459.93,29.2,0.2666,98.48,93.99,24.924,11.463
BATCH_00395,74.44,12.33,200.99,2529.2,2.7694,47.54,0.9812,441.25,20.34,0.2739,99.8,96.76,29.122,12.85
BATCH_00396,61.25,9.6,146.06,3042.8,2.7356,54.86,0.9319,129.2,17.82,0.2692,99.8,96.45,26.175,3.382
BATCH_00397,51.29,10.66,157.48,2835.0,2.7161,56.25,0.9683,128.99,27.21,0.3098,99.8,95.68,27.256,3.516
BATCH_00398,75.83,10.49,155.89,2414.3,2.6681,57.26,0.9389,411.92,17.42,0.2794,99.8,94.6,23.683,9.756
BATCH_00399,64.08,12.91,207.0,3064.0,2.7625,49.34,0.9885,60.42,28.88,0.1974,99.8,96.26,31.898,1.927
BATCH_00400,74.9,12.64,203.57,2369.9,2.7458,46.52,0.9458,114.01,20.38,0.2353,99.8,96.08,26.973,3.075
BATCH_00401,52.24,11.06,192.18,2899.0,2.6709,46.34,0.946,399.2,19.59,0.2157,99.8,96.92,29.124,11.626
BATCH_00402,60.2,12.85,206.8,2555.8,2.7725,52.24,0.9673,152.04,24.99,0.3117,99.8,95.85,29.539,4.491
BATCH_00403,65.04,11.41,158.02,2690.3,2.7976,61.08,0.9345,121.19,19.85,0.2752,99.8,95.7,26.383,3.197
BATCH_00404,65.38,11.96,188.71,2951.3,2.8035,48.7,0.9425,78.84,21.17,0.2239,99.8,95.77,28.857,2.275
BATCH_00405,61.4,15.85,176.87,2956.4,2.8311,49.36,0.9529,130.75,25.42,0.267,99.8,95.08,30.346,3.968
BATCH_00406,69.98,15.18,201.17,3201.1,2.7319,46.72,0.9479,99.9,14.28,0.1831,99.8,97.45,33.185,3.315
BATCH_00407,56.46,9.9,177.12,2775.3,2.8406,55.29,0.9615,89.58,30.57,0.2428,99.8,97.14,26.826,2.403
BATCH_00408,63.86,14.16,170.38,2891.9,2.8231,56.56,0.9674,422.29,24.17,0.1957,99.8,94.79,27.895,11.78
BATCH_00409,65.96,14.12,193.52,2668.7,2.7093,55.93,0.9648,133.56,18.83,0.1661,99.8,96.8,28.656,3.827
BATCH_00410,69.12,10.2,201.9,2854.6,2.6819,59.64,0.9717,438.05,19.93,0.2655,99.68,94.15,28.784,12.609
BATCH_00411,70.69,14.14,163.29,2931.8,2.7371,53.27,0.9443,461.63,27.97,0.2709,99.8,96.99,29.911,13.808
BATCH_00412,56.0,15.58,178.47,2770.5,2.7304,47.29,0.93,480.59,26.4,0.2533,99.8,95.3,29.476,14.166
BATCH_00413,52.73,10.25,153.54,2258.9,2.7651,49.92,0.9801,398.34,29.55,0.2282,99.8,96.36,23.235,9.255
BATCH_00414,75.22,10.66,117.55,2899.4,2.7667,56.26,0.9872,122.53,21.27,0.1853,99.8,93.96,24.386,2.988
BATCH_00415,67.66,14.54,185.01,2909.4,2.8,55.42,0.9403,137.42,25.19,0.1899,99.8,94.8,30.574,4.202
BATCH_00416,59.01,13.04,195.22,2595.9,2.752,54.03,0.9522,539.27,25.71,0.1981,99.8,96.47,27.294,14.719
BATCH_00417,77.41,13.6,186.55,2414.7,2.671,56.61,0.9594,122.78,26.78,0.2279,99.26,94.14,28.127,3.453
BATCH_00418,65.93,13.18,131.26,3242.8,2.8217,55.84,0.9621,93.88,28.51,0.2808,99.8,95.16,28.018,2.63
BATCH_00419,74.43,13.28,171.23,2947.4,2.712,59.98,0.9721,149.07,21.13,0.2806,99.8,97.4,28.999,4.323
BATCH_00420,65.54,9.85,124.54,2731.3,2.8443,54.96,0.9233,116.32,23.54,0.1727,99.8,98.21,25.128,2.923
BATCH_00421,81.49,14.59,214.24,2458.9,2.6736,58.24,0.977,432.22,21.56,0.2114,97.92,93.82,29.548,12.771
BATCH_00422,79.04,14.84,152.85,2553.5,2.8417,49.23,0.9249,82.37,23.79,0.2107,98.76,92.97,27.744,2.285
BATCH_00423,63.01,12.04,211.39,3190.8,2.6682,56.53,0.957,145.42,26.79,0.1387,99.8,97.76,31.231,4.542
BATCH_00424,72.77,12.41,203.65,2841.3,2.6962,60.34,0.9854,135.68,17.38,0.2631,99.8,94.44,28.934,3.926
BATCH_00425,70.16,9.44,157.49,2634.8,2.6593,51.56,0.9556,133.92,28.44,0.231,99.8,95.7,23.473,3.144
BATCH_00426,75.95,13.53,151.68,2952.9,2.791,58.24,0.9318,99.67,19.44,0.2368,99.8,95.6,28.807,2.871
BATCH_00427,57.28,13.64,188.76,2555.7,2.8201,57.32,0.9978,100.66,22.77,0.2956,99.8,97.92,27.992,2.818
BATCH_00428,70.49,12.38,158.89,3250.3,2.7368,46.01,0.9903,125.59,28.98,0.2458,99.8,96.91,27.812,3.493
BATCH_00429,73.47,14.75,182.56,3205.8,2.8357,54.89,0.9809,102.64,25.31,0.2255,99.8,95.54,32.104,3.295
BATCH_00430,50.93,11.83,167.93,2660.0,2.7681,47.21,0.9525,525.79,25.36,0.266,99.8,95.06,26.261,13.808
BATCH_00431,55.53,13.63,135.47,2611.4,2.776,61.44,0.9345,448.9,19.28,0.286,99.8,97.0,25.729,11.55
BATCH_00432,48.69,10.46,124.24,2014.6,2.8191,58.79,0.9944,441.51,19.82,0.2559,99.8,95.47,23.092,10.195
BATCH_00433,62.84,12.45,185.67,2355.5,2.7094,46.87,0.9621,164.92,27.77,0.2721,99.8,96.22,25.788,4.253
BATCH_00434,70.74,12.15,165.96,2398.2,2.7209,47.07,0.9873,130.99,21.64,0.2391,99.8,94.63,24.921,3.264
BATCH_00435,77.02,12.95,166.17,2840.6,2.8312,55.11,0.947,413.61,22.02,0.2421,99.6,95.6,27.784,11.492
BATCH_00436,65.59,11.76,197.4,2702.1,2.8302,50.86,0.9465,169.63,27.86,0.2504,99.8,96.49,28.386,4.815
BATCH_00437,78.03,12.24,209.34,2396.4,2.8453,45.59,0.9979,61.6,19.8,0.2162,99.12,93.3,27.269,1.68
BATCH_00438,53.96,14.15,173.19,2715.7,2.8304,54.21,0.9612,99.62,25.08,0.224,99.8,97.03,27.599,2.749
BATCH_00439,51.37,11.63,171.49,2951.6,2.6755,51.59,0.9311,420.13,24.17,0.3023,99.8,96.55,29.754,12.501
BATCH_00440,64.56,9.29,192.5,2958.4,2.8147,46.72,0.9374,141.46,23.99,0.328,99.8,96.74,28.754,4.067
BATCH_00441,68.07,16.0,146.08,2230.1,2.732,58.63,0.9581,141.89,21.93,0.3118,99.8,95.62,27.252,3.867
BATCH_00442,64.74,15.26,185.58,2761.5,2.8482,60.56,0.9234,98.35,21.68,0.1956,99.8,96.18,29.627,2.914
BATCH_00443,48.46,9.92,193.8,2385.0,2.7445,57.86,0.9565,144.95,19.69,0.1922,99.8,96.06,25.999,3.769
BATCH_00444,64.29,13.88,197.01,3070.5,2.7608,58.98,0.9531,109.92,25.93,0.2018,99.8,95.85,31.593,3.473
BATCH_00445,54.56,11.49,131.58,3035.2,2.756,48.68,0.9816,482.56,21.33,0.2553,99.8,96.17,25.712,12.408
BATCH_00446,70.36,13.03,160.97,2530.6,2.7143,49.48,0.948,94.18,27.87,0.138,99.8,97.26,26.227,2.47
BATCH_00447,67.93,13.09,158.04,2570.2,2.665,48.54,0.9976,462.53,23.1,0.2272,99.8,97.07,27.197,12.58
BATCH_00448,57.48,12.03,182.5,2661.6,2.8291,58.01,0.9343,456.63,19.77,0.3075,99.8,94.82,29.423,13.435
BATCH_00449,60.89,10.93,192.02,2124.2,2.8105,61.11,0.9667,507.0,23.05,0.291,99.8,96.99,27.378,13.881
BATCH_00450,56.53,11.12,217.42,2900.8,2.6779,57.19,0.9271,466.57,22.36,0.2318,99.8,97.19,29.967,13.982
BATCH_00451,64.5,10.67,167.63,2718.1,2.8054,59.98,0.978,522.96,28.04,0.2353,99.8,95.85,27.383,14.32
BATCH_00452,72.64,10.84,167.56,3091.1,2.7752,55.86,0.9986,132.67,22.52,0.2757,99.8,96.51,26.178,3.473
BATCH_00453,57.11,12.37,208.74,2470.5,2.7318,51.59,0.9847,133.63,22.9,0.2909,99.8,96.49,30.047,4.015
BATCH_00454,69.03,11.07,187.41,2614.3,2.7008,52.24,0.9639,437.63,29.65,0.2326,99.8,95.15,26.662,11.668
BATCH_00455,60.76,13.86,211.69,2348.0,2.8219,46.28,0.9583,125.28,26.03,0.245,99.8,95.62,28.771,3.604
BATCH_00456,58.66,15.47,187.22,2498.7,2.79,45.53,0.986,514.79,30.65,0.2322,99.8,96.75,29.471,15.171
BATCH_00457,64.14,11.34,151.07,2445.4,2.7595,56.82,0.9939,441.77,29.04,0.202,99.8,95.5,24.574,10.856
BATCH_00458,56.72,12.98,146.67,3098.8,2.7719,52.45,0.9981,120.64,20.45,0.247,99.8,96.98,28.413,3.428
BATCH_00459,60.57,13.5,141.21,2590.5,2.6682,54.39,0.9513,126.24,27.96,0.2444,99.8,97.3,27.481,3.469
BATCH_00460,55.42,13.44,196.55,2837.3,2.7448,54.48,0.9983,116.32,30.1,0.2062,99.8,97.14,29.38,3.417
BATCH_00461,80.72,12.65,209.71,2685.8,2.6887,49.72,0.9323,473.26,30.13,0.2829,97.64,95.24,28.946,13.699
BATCH_00462,65.28,13.99,226.23,2419.2,2.6917,53.09,0.94,82.07,27.95,0.2769,99.8,95.91,31.698,2.601
BATCH_00463,59.4,13.46,201.08,2749.5,2.7823,53.0,0.927,136.68,27.87,0.2858,99.8,96.18,30.512,4.171
BATCH_00464,66.71,10.02,209.07,2979.7,2.8323,51.6,0.9415,124.53,22.79,0.2277,99.8,96.32,30.737,3.828
BATCH_00465,64.1,14.24,165.5,2437.7,2.7308,58.95,0.9807,396.62,20.65,0.1796,99.8,95.94,27.477,10.898
BATCH_00466,63.23,14.27,151.09,3042.7,2.6915,52.67,0.9874,120.0,22.59,0.278,99.8,96.54,28.087,3.371
BATCH_00467,69.91,10.97,201.25,2545.1,2.7797,55.26,0.9815,76.54,17.34,0.2332,99.8,94.29,28.128,2.153
BATCH_00468,71.06,12.58,190.44,2655.1,2.8242,60.22,0.9699,111.04,29.37,0.2246,99.8,96.2,27.523,3.056
BATCH_00469,60.76,13.87,182.69,2959.2,2.7997,59.73,0.9606,556.34,22.87,0.2104,99.8,94.62,29.74,16.546
BATCH_00470,60.39,12.08,189.68,2601.0,2.8238,60.14,0.976,138.57,29.17,0.2501,99.8,95.04,27.897,3.866
BATCH_00471,62.8,14.65,188.08,2811.3,2.7573,49.59,0.9509,462.2,19.07,0.3247,99.8,96.73,29.277,13.532
BATCH_00472,46.58,17.23,212.1,2705.6,2.8004,45.59,0.9865,121.03,28.33,0.2418,99.8,95.8,31.537,3.817
BATCH_00473,52.88,10.93,212.37,2838.8,2.678,49.44,0.9735,482.35,22.02,0.2189,99.64,96.7,30.989,14.948
BATCH_00474,75.93,9.74,193.61,2085.8,2.7197,49.74,0.9751,407.89,18.86,0.289,99.4,95.33,25.286,10.314
BATCH_00475,78.16,13.11,201.15,2251.1,2.7279,60.46,0.9623,121.87,30.51,0.2703,99.17,95.59,27.669,3.372
BATCH_00476,63.01,13.94,192.85,2984.8,2.7523,56.04,0.9899,519.28,28.43,0.1791,99.8,95.76,31.632,16.426
BATCH_00477,69.61,12.04,168.47,3111.2,2.8358,46.39,0.9399,504.29,24.85,0.2908,99.8,94.05,28.862,14.555
BATCH_00478,67.49,15.41,198.91,2526.9,2.8249,47.3,0.9501,397.43,24.14,0.3499,99.8,96.23,30.471,12.11
BATCH_00479,89.63,9.82,145.14,2726.8,2.6769,47.65,0.9814,469.24,25.76,0.1612,95.14,86.81,25.243,11.845
BATCH_00480,73.96,13.89,206.35,2888.4,2.6846,55.72,0.9589,137.09,24.78,0.2162,99.8,94.55,30.362,4.162
BATCH_00481,63.98,11.29,150.14,3008.0,2.7215,57.5,0.9902,101.63,20.83,0.1522,99.71,95.12,25.951,2.637
BATCH_00482,57.36,15.94,187.15,2191.7,2.7081,59.61,0.9474,97.43,22.35,0.2635,99.8,94.99,26.535,2.585
BATCH_00483,52.15,16.49,158.87,2534.2,2.773,60.99,0.9492,430.75,31.84,0.3066,99.8,95.45,28.116,12.111
BATCH_00484,66.63,10.97,193.83,2700.2,2.8306,48.43,0.9902,144.02,34.69,0.2717,99.8,94.96,27.351,3.939
BATCH_00485,58.95,11.4,179.15,3010.9,2.8425,50.27,0.9567,73.46,30.25,0.3236,99.8,94.59,29.312,2.153
BATCH_00486,53.62,14.22,140.13,3549.5,2.7807,49.09,0.9608,100.88,25.91,0.3016,99.78,97.54,30.26,3.053
BATCH_00487,59.83,11.73,190.52,2731.6,2.8176,51.1,0.9463,126.06,22.65,0.3369,99.64,95.32,30.622,3.86
BATCH_00488,56.35,12.41,165.55,2377.9,2.755,60.55,0.9419,128.09,20.81,0.3157,99.8,93.77,25.613,3.281
BATCH_00489,78.5,12.55,202.03,2920.7,2.6917,54.78,0.9718,82.74,21.07,0.2536,97.83,93.96,31.247,2.585
BATCH_00490,72.05,8.66,180.03,3196.3,2.7549,57.55,0.9295,416.74,21.79,0.2728,99.8,94.88,28.355,11.817
BATCH_00491,64.94,12.47,189.89,2832.4,2.761,53.33,0.9895,369.56,32.6,0.2359,99.8,95.12,29.654,10.959
BATCH_00492,76.84,11.12,156.06,2528.0,2.7985,45.49,0.9816,132.05,31.23,0.2618,99.2,95.83,26.145,3.452
BATCH_00493,65.62,11.51,165.27,3087.4,2.694,46.09,0.9351,153.92,26.99,0.274,99.8,95.55,26.76,4.119
BATCH_00494,58.11,15.39,168.53,2999.1,2.7237,54.14,0.9748,471.92,20.16,0.2686,99.8,94.85,30.366,14.33
BATCH_00495,77.18,9.99,201.42,2492.2,2.7228,57.22,0.9676,406.07,27.57,0.3261,99.05,95.4,27.276,11.076
BATCH_00496,69.31,14.13,221.93,2914.4,2.8419,48.66,0.9346,158.94,23.05,0.2597,99.8,97.15,31.07,4.938
BATCH_00497,56.7,11.94,159.87,3099.2,2.7388,57.27,0.9416,147.53,15.39,0.236,99.8,96.54,28.661,4.228
BATCH_00498,63.48,11.94,206.92,3154.6,2.801,58.78,0.9523,464.68,25.15,0.239,99.8,93.55,32.259,14.99
BATCH_00499,58.0,14.08,125.76,2780.1,2.8002,52.0,0.9752,551.56,20.63,0.3004,99.75,94.89,24.732,13.641
BATCH_00500,53.94,13.18,150.15,2692.6,2.7031,57.69,0.9705,103.39,20.77,0.2185,99.8,96.05,26.3,2.719
BATCH_00501,72.41,13.64,156.03,3168.2,2.7644,51.87,0.962,132.6,23.0,0.2671,99.8,95.76,28.489,3.778
BATCH_00502,80.28,14.44,146.19,2437.0,2.8289,56.53,0.9807,423.85,22.01,0.3287,98.91,93.14,26.95,11.423
BATCH_00503,53.81,11.84,140.41,2931.6,2.745,57.99,0.9799,85.41,23.86,0.2877,99.8,95.02,26.67,2.278
BATCH_00504,69.5,11.28,190.32,2389.0,2.839,61.86,0.9688,116.95,23.67,0.2735,99.8,94.59,26.379,3.085
BATCH_00505,59.79,10.33,174.65,3119.6,2.6929,50.87,0.9822,126.63,16.5,0.2755,99.8,98.01,29.062,3.68
BATCH_00506,61.1,10.85,189.49,2722.6,2.6648,51.99,0.9464,109.09,30.08,0.2362,99.74,96.03,28.995,3.163
BATCH_00507,60.26,18.4,197.26,3180.6,2.8283,47.82,0.9896,127.87,20.07,0.2435,99.8,96.64,36.11,4.617
BATCH_00508,58.09,14.99,186.64,2947.4,2.8195,48.47,0.9686,423.24,20.19,0.2705,99.8,96.01,30.282,12.817
BATCH_00509,65.39,9.8,196.44,2433.0,2.8485,56.79,0.985,363.38,22.69,0.2896,99.8,96.05,25.205,9.159
BATCH_00510,58.35,9.86,178.26,3227.4,2.7859,60.59,0.9632,504.92,23.57,0.3171,99.8,95.94,29.587,14.939
BATCH_00511,67.16,13.46,150.33,3265.4,2.8373,51.71,0.9373,392.39,29.84,0.2833,99.8,94.88,30.888,12.12
BATCH_00512,64.6,13.59,206.45,3064.7,2.8154,48.06,0.9629,464.82,25.08,0.3342,99.8,94.49,32.655,15.179
BATCH_00513,63.09,13.6,165.27,2571.5,2.8189,49.85,0.9493,474.99,26.27,0.3447,99.4,96.39,29.328,13.93
BATCH_00514,57.74,11.99,156.61,2708.2,2.7638,52.74,0.9751,96.05,25.1,0.3128,99.8,96.19,26.911,2.585
BATCH_00515,60.39,12.25,175.55,2843.6,2.7265,49.94,0.9576,136.78,24.93,0.3304,99.8,96.94,28.345,3.877
BATCH_00516,71.04,13.16,157.18,2588.9,2.8369,48.97,0.9861,128.25,25.24,0.2422,99.8,96.74,26.898,3.45
BATCH_00517,69.01,12.67,169.56,3307.7,2.7364,57.51,0.9736,152.09,16.27,0.2363,99.8,95.19,29.739,4.523
BATCH_00518,57.18,8.06,188.6,2843.3,2.7578,45.13,0.9741,493.07,23.0,0.3035,99.8,97.13,27.606,13.612
BATCH_00519,65.79,12.04,188.71,1989.0,2.7392,54.17,0.9372,538.0,28.65,0.2296,99.8,96.77,26.081,14.032
BATCH_00520,71.01,10.8,157.55,2901.8,2.763,58.49,0.9978,470.54,39.77,0.2721,99.8,96.69,27.85,13.105
BATCH_00521,51.64,12.85,167.81,2695.6,2.7441,49.53,0.9865,138.39,19.18,0.315,99.8,98.25,28.482,3.942
BATCH_00522,69.35,18.47,206.86,2777.5,2.6596,55.26,0.9823,419.2,25.69,0.3411,99.8,98.04,33.718,14.134
BATCH_00523,59.7,13.23,192.41,2689.4,2.8264,56.37,0.9461,130.92,21.72,0.2748,99.8,96.69,29.859,3.909
BATCH_00524,69.56,11.87,231.88,3042.1,2.7389,56.14,0.9623,122.86,32.19,0.2595,99.8,96.57,30.211,3.712
BATCH_00525,58.89,14.34,209.5,3135.9,2.7678,52.58,0.9308,451.35,18.58,0.2987,99.8,97.08,32.779,14.795
BATCH_00526,50.56,13.47,208.61,2884.9,2.6778,50.89,0.9625,484.51,26.5,0.2434,99.8,95.42,30.776,14.911
BATCH_00527,51.98,13.34,145.3,2698.2,2.6507,59.21,0.9315,98.37,18.37,0.2799,99.8,95.43,27.162,2.672
BATCH_00528,65.38,13.71,199.1,2787.6,2.6991,57.89,0.9637,119.61,22.73,0.2869,99.8,96.67,30.214,3.614
BATCH_00529,67.08,16.61,178.67,2805.9,2.7909,50.46,0.9712,105.39,23.86,0.2866,99.8,95.14,31.226,3.291
BATCH_00530,57.77,10.24,166.23,2559.3,2.6698,46.75,0.9508,500.44,28.28,0.2917,99.8,96.59,25.445,12.734
BATCH_00531,70.11,13.45,184.2,2973.7,2.8318,46.22,0.9594,111.91,19.69,0.2552,99.58,96.16,30.839,3.451
BATCH_00532,51.71,10.65,203.63,2938.0,2.693,46.6,0.9892,413.2,26.65,0.26,99.8,95.14,29.681,12.264
BATCH_00533,64.47,13.61,192.52,3262.1,2.6909,54.91,0.9286,143.05,24.08,0.2596,99.8,96.03,31.742,4.541
BATCH_00534,55.31,10.66,158.04,3176.6,2.6863,45.88,0.9825,116.76,25.09,0.2252,99.8,97.31,27.201,3.176
BATCH_00535,59.79,11.67,198.56,2594.3,2.6528,50.73,0.9335,145.59,27.83,0.3041,99.8,96.08,29.156,4.245
BATCH_00536,65.38,11.91,164.06,3046.1,2.8044,57.8,0.9229,444.67,18.87,0.3267,99.8,96.09,29.028,12.908
BATCH_00537,58.12,14.45,185.42,2514.7,2.825,50.0,0.9347,141.37,27.24,0.3232,99.8,96.33,28.533,4.034
BATCH_00538,61.92,14.34,172.42,3008.8,2.7728,57.98,0.9804,434.98,21.72,0.2813,99.8,96.46,30.085,13.086
BATCH_00539,73.05,10.01,174.53,2645.0,2.6876,57.67,0.952,416.17,28.38,0.2598,99.8,95.67,26.836,11.168
BATCH_00540,60.38,12.61,199.16,2493.0,2.7071,49.18,0.9889,429.57,25.34,0.3224,99.8,96.35,29.192,12.54
BATCH_00541,71.69,11.08,154.0,2884.0,2.7452,57.39,0.9615,122.23,23.16,0.3187,99.6,94.95,27.607,3.374
BATCH_00542,55.96,9.98,228.63,1997.6,2.8409,57.71,0.9218,144.61,21.64,0.3023,99.8,95.2,26.785,3.873
BATCH_00543,69.24,12.07,134.47,2274.7,2.6995,51.76,0.9766,359.64,27.29,0.3638,99.8,95.33,25.443,9.15
BATCH_00544,76.53,11.88,165.06,2746.8,2.7963,48.58,0.9287,111.0,29.04,0.2934,99.68,95.73,28.475,3.161
BATCH_00545,45.23,17.35,189.26,2824.7,2.7379,53.86,0.9824,406.98,21.87,0.2846,99.8,96.16,32.457,13.209
BATCH_00546,58.62,13.37,194.61,2689.2,2.7096,60.66,0.9333,420.2,19.47,0.2794,99.61,95.87,28.962,12.17
BATCH_00547,69.62,9.74,177.49,2326.2,2.7412,55.87,0.9473,521.94,26.78,0.2334,99.8,96.69,24.047,12.551
BATCH_00548,63.38,11.37,178.57,2554.6,2.6642,47.94,0.9801,108.1,18.21,0.3227,99.8,96.38,26.874,2.905
BATCH_00549,67.97,14.54,190.26,2917.4,2.8097,56.61,0.9954,124.15,18.78,0.2925,99.8,95.71,32.403,4.023
BATCH_00550,60.17,16.68,174.22,2974.5,2.6987,52.26,0.9493,144.91,19.75,0.3176,99.8,94.96,31.793,4.607
BATCH_00551,65.69,9.33,214.83,2795.1,2.7951,55.06,0.9855,142.22,22.34,0.3713,99.8,95.18,31.012,4.411
BATCH_00552,63.75,8.74,200.98,3147.1,2.6637,57.48,0.9351,458.04,18.65,0.2824,99.77,94.53,29.039,13.301
BATCH_00553,74.34,16.24,201.82,2919.2,2.841,53.75,0.9838,134.99,16.24,0.205,99.8,96.14,31.556,4.26
BATCH_00554,67.04,13.28,155.85,2575.8,2.6886,58.84,0.9719,545.3,19.46,0.3182,99.8,95.14,27.187,14.825
BATCH_00555,67.7,10.76,178.02,2715.8,2.8265,57.28,0.9352,116.25,26.57,0.3061,99.8,95.5,27.421,3.188
BATCH_00556,61.7,13.57,172.49,2379.1,2.8119,55.46,0.9439,92.11,18.91,0.2706,99.8,95.87,26.518,2.443
BATCH_00557,61.1,7.23,154.86,2767.6,2.8436,47.56,0.9304,152.53,22.64,0.3162,99.8,97.04,23.805,3.631
BATCH_00558,61.54,12.51,189.0,3133.6,2.7456,59.21,0.9503,106.76,31.79,0.3322,99.8,96.93,31.215,3.332
BATCH_00559,68.16,13.16,166.56,3005.6,2.7955,60.91,0.9361,102.74,23.8,0.2634,99.8,95.95,29.922,3.074
BATCH_00560,61.63,14.35,196.39,3220.6,2.7241,47.33,0.9709,486.57,25.37,0.2896,99.8,97.27,34.193,16.637
BATCH_00561,67.32,10.47,153.25,2709.1,2.6869,53.3,0.9986,134.28,20.22,0.3612,99.8,93.99,26.085,3.503
BATCH_00562,81.6,12.67,222.98,3203.8,2.7386,49.4,0.9209,418.06,32.65,0.2737,97.9,94.71,32.219,13.47
BATCH_00563,71.97,10.65,157.59,2742.0,2.6831,57.83,0.9627,514.51,21.83,0.3057,99.8,96.69,25.897,13.324
BATCH_00564,62.39,13.01,185.48,3241.5,2.8464,57.27,0.9653,134.71,23.09,0.1985,99.8,96.1,31.37,4.226
BATCH_00565,74.61,10.71,199.8,2793.4,2.6692,47.4,0.9922,138.05,29.27,0.2447,99.8,95.11,29.117,4.02
BATCH_00566,61.74,11.68,165.73,3012.2,2.7678,59.91,0.96,516.88,23.27,0.3107,99.8,95.56,27.885,14.413
BATCH_00567,48.7,10.51,201.31,3242.5,2.7753,48.08,0.963,116.65,24.19,0.3539,99.8,96.61,30.219,3.525
BATCH_00568,56.94,13.8,149.27,2742.0,2.7576,58.55,0.9573,98.19,22.87,0.2508,99.8,96.63,28.185,2.767
BATCH_00569,50.03,14.22,216.3,2865.5,2.7824,52.77,0.9412,106.29,22.9,0.3087,99.8,96.67,32.173,3.42
BATCH_00570,62.19,12.03,180.35,3186.7,2.6732,50.58,0.9244,126.66,25.48,0.2911,99.31,95.27,30.68,3.886
BATCH_00571,65.15,12.58,165.09,2760.1,2.761,47.69,0.9523,107.46,26.21,0.3448,99.8,95.07,27.537,2.959
BATCH_00572,78.41,9.6,172.52,2403.7,2.7074,47.85,0.9242,458.93,21.43,0.2584,99.14,94.56,23.54,10.803
BATCH_00573,67.62,11.9,200.22,3442.9,2.838,56.25,0.9635,83.38,20.94,0.3247,99.8,96.77,31.541,2.63
BATCH_00574,63.25,12.4,165.39,2659.1,2.8024,54.36,0.9443,148.32,21.56,0.2818,99.57,96.0,27.901,4.138
BATCH_00575,71.64,17.74,161.27,2847.6,2.8445,47.08,0.9622,132.75,18.39,0.3174,99.78,97.48,32.668,4.337
BATCH_00576,47.31,10.28,174.46,3146.8,2.6575,46.92,0.9306,139.82,17.64,0.3116,99.8,96.03,28.473,3.981
BATCH_00577,66.88,15.43,150.58,2617.5,2.707,46.23,0.9937,477.47,25.19,0.2993,99.8,96.0,29.993,14.321
BATCH_00578,71.17,14.49,225.51,2497.6,2.6891,57.64,0.9907,594.09,27.75,0.3289,99.44,96.67,31.798,18.891
BATCH_00579,53.17,13.06,165.84,2876.1,2.6522,57.1,0.935,409.07,27.48,0.312,99.8,97.22,27.676,11.321
BATCH_00580,74.15,16.02,200.79,2262.1,2.6985,45.99,0.9471,421.97,14.47,0.3054,99.8,94.65,29.786,12.569
BATCH_00581,67.71,13.24,185.24,2713.6,2.7858,54.52,0.9685,397.87,23.02,0.2969,99.8,94.88,29.801,11.857
BATCH_00582,61.68,13.28,155.39,2873.5,2.6962,46.44,0.9276,449.53,19.59,0.3147,99.8,95.69,26.45,11.89
BATCH_00583,70.06,12.39,179.85,2719.0,2.7518,60.36,0.948,145.97,24.57,0.3209,99.8,99.16,29.08,4.245
BATCH_00584,83.17,14.95,199.6,2337.0,2.8276,60.42,0.9398,89.05,22.33,0.2729,96.76,91.82,30.012,2.672
BATCH_00585,66.45,14.69,175.29,3278.3,2.7888,56.87,0.9923,144.91,26.37,0.299,99.8,95.88,31.976,4.634
BATCH_00586,66.99,11.25,209.83,2831.1,2.7289,60.75,0.9873,166.44,23.92,0.2712,99.31,96.62,29.528,4.915
BATCH_00587,61.33,9.86,205.54,3229.3,2.7245,58.79,0.9658,437.41,16.42,0.3122,99.8,96.98,30.345,13.273
BATCH_00588,58.2,12.09,202.97,2722.0,2.7411,59.09,0.9611,473.96,20.13,0.2906,99.8,96.17,29.191,13.835
BATCH_00589,71.64,10.9,168.51,2536.0,2.6854,54.69,0.9935,116.53,24.02,0.3456,99.8,97.16,25.688,2.993
BATCH_00590,58.15,12.37,153.0,2880.8,2.7768,50.2,0.9937,64.33,24.36,0.3421,99.57,94.81,27.446,1.766
BATCH_00591,65.57,14.97,164.66,2735.3,2.7228,48.7,0.9966,119.05,18.38,0.2787,99.8,95.23,28.639,3.41
BATCH_00592,61.18,11.59,184.91,2446.7,2.8205,50.56,0.9299,508.87,17.85,0.316,99.74,97.16,27.356,13.92
BATCH_00593,68.83,12.41,193.64,3240.9,2.8013,55.68,0.9327,472.73,24.22,0.3421,99.8,96.01,31.045,14.676
BATCH_00594,67.67,12.62,125.71,2613.3,2.7721,47.94,0.9735,112.9,18.39,0.31,99.8,94.74,24.787,2.798
BATCH_00595,73.3,14.2,179.8,2247.9,2.7228,49.4,0.9628,133.19,17.33,0.2883,99.8,94.68,28.035,3.734
BATCH_00596,60.92,8.01,183.95,3198.4,2.692,52.96,0.9215,135.1,22.22,0.2742,99.8,95.19,28.34,3.829
BATCH_00597,62.84,11.29,173.06,2648.7,2.8052,48.96,0.9249,78.5,22.05,0.3525,99.8,96.0,27.127,2.13
BATCH_00598,57.17,12.92,212.28,2617.7,2.7473,55.01,0.9902,122.22,20.49,0.3549,99.8,96.47,30.689,3.751
BATCH_00599,61.45,14.9,190.54,2270.4,2.695,60.69,0.9886,180.9,21.19,0.3109,99.8,95.67,28.214,5.104
BATCH_00600,68.02,11.52,212.75,3322.3,2.689,57.72,0.9482,86.62,24.06,0.3503,99.8,96.38,32.396,2.806
BATCH_00601,71.06,8.75,174.6,2413.2,2.6831,56.33,0.9904,117.86,21.12,0.2015,99.8,95.56,25.138,2.963
BATCH_00602,57.62,13.74,203.44,2817.5,2.8054,54.91,0.9669,168.54,24.28,0.3737,99.8,97.22,30.716,5.177
BATCH_00603,71.96,11.23,220.88,3073.8,2.6958,53.3,0.9837,147.6,22.48,0.3148,99.8,98.55,30.436,4.492
BATCH_00604,75.85,10.12,212.79,2926.5,2.7553,48.17,0.9538,107.17,24.67,0.3272,99.8,95.2,29.754,3.189
BATCH_00605,68.31,11.25,152.7,2782.1,2.7403,60.21,0.929,440.24,27.51,0.3091,99.8,96.48,25.682,11.306
BATCH_00606,80.01,12.13,173.66,2289.5,2.7659,49.23,0.9543,119.95,27.36,0.3782,98.21,93.99,26.547,3.184
BATCH_00607,58.81,11.29,171.37,2557.1,2.8254,46.55,0.9561,101.3,29.15,0.2804,99.8,96.14,26.417,2.676
BATCH_00608,55.04,8.09,192.23,2856.3,2.8235,57.75,0.9635,445.37,27.35,0.3823,99.8,96.65,25.865,11.519
BATCH_00609,50.77,14.29,197.16,2563.8,2.7402,47.99,0.9283,113.0,24.95,0.3396,99.8,96.48,30.369,3.432
BATCH_00610,76.97,15.05,159.03,2861.0,2.6531,51.32,0.9983,453.31,22.27,0.3491,99.8,94.58,29.545,13.393
BATCH_00611,70.23,13.8,181.7,3004.5,2.7353,45.48,0.9393,101.29,22.45,0.3115,99.8,97.32,31.435,3.184
BATCH_00612,64.56,10.22,129.5,3088.8,2.7712,47.33,0.9357,88.08,20.49,0.2728,99.8,96.2,26.229,2.31
BATCH_00613,67.24,12.1,216.05,2432.1,2.7616,47.94,0.9616,508.4,24.02,0.3628,99.8,95.62,29.929,15.216
BATCH_00614,56.0,12.49,167.19,3459.0,2.7803,45.92,0.9624,162.88,26.79,0.3384,99.8,98.44,32.007,5.213
BATCH_00615,84.57,13.7,181.4,3030.2,2.6808,56.16,0.9547,122.06,21.1,0.3809,96.5,91.29,30.867,3.767
BATCH_00616,66.03,13.84,172.26,2799.5,2.7793,59.23,0.981,111.71,23.85,0.3191,99.8,96.25,29.264,3.269
BATCH_00617,65.88,11.03,208.65,3126.9,2.6865,51.35,0.9608,435.18,21.29,0.3106,99.8,96.18,29.583,12.874
BATCH_00618,70.81,12.66,109.06,3509.6,2.8001,59.87,0.9682,116.04,24.84,0.3833,99.8,95.87,29.729,3.45
BATCH_00619,68.85,13.41,179.58,2368.4,2.7178,48.63,0.9772,166.7,21.8,0.4047,99.8,96.45,28.121,4.688
BATCH_00620,66.79,15.41,177.35,2732.4,2.792,50.53,0.922,119.9,21.04,0.3291,99.8,95.16,29.351,3.519
BATCH_00621,58.68,13.91,168.66,2086.5,2.6596,47.56,0.9651,456.03,21.28,0.299,99.8,96.6,26.732,12.191
BATCH_00622,68.77,14.08,223.16,2857.8,2.7316,55.55,0.9899,101.13,26.01,0.362,99.8,94.24,30.707,3.106
BATCH_00623,80.06,12.67,157.82,2909.6,2.791,52.14,0.9214,499.43,23.61,0.3199,97.58,92.27,28.021,13.995
BATCH_00624,75.76,15.32,199.29,2788.3,2.6954,55.43,0.952,126.88,22.29,0.3545,99.39,97.46,32.32,4.101
BATCH_00625,77.75,13.32,188.91,2603.6,2.8091,57.95,0.9932,118.59,25.05,0.3206,98.52,93.43,28.697,3.403
BATCH_00626,60.91,10.78,211.54,2185.1,2.7762,54.28,0.9479,482.04,22.34,0.394,99.75,94.04,27.052,13.04
BATCH_00627,57.08,15.31,163.32,2912.1,2.7675,55.67,0.9562,104.05,28.51,0.3039,99.8,94.77,29.62,3.082
BATCH_00628,63.99,13.9,161.68,3236.6,2.7207,60.9,0.9975,497.47,20.1,0.3515,99.8,97.74,29.118,14.485
BATCH_00629,65.45,11.61,207.4,2622.7,2.7465,50.08,0.9357,135.72,23.25,0.3132,99.8,94.21,29.663,4.026
BATCH_00630,73.75,11.54,190.63,2932.0,2.7695,51.11,0.9252,116.82,18.38,0.3219,99.8,95.04,29.409,3.436
BATCH_00631,51.46,13.09,141.38,2329.6,2.7445,57.2,0.9879,127.18,22.61,0.3172,99.75,94.54,25.214,3.207
BATCH_00632,77.24,13.43,166.52,2937.2,2.7897,55.39,0.9886,119.05,17.28,0.3636,99.51,94.65,29.384,3.498
BATCH_00633,63.74,12.89,189.66,2682.0,2.7367,48.04,0.9573,122.46,26.99,0.3713,99.55,95.56,29.513,3.614
BATCH_00634,61.58,13.12,200.94,2571.3,2.6905,51.39,0.9606,114.99,27.07,0.3573,99.8,95.52,30.176,3.47
BATCH_00635,56.9,15.9,163.02,2571.9,2.6928,52.95,0.986,120.45,27.14,0.3311,99.8,97.86,29.029,3.497
BATCH_00636,51.76,14.64,107.14,2681.9,2.6512,52.13,0.9783,506.47,24.12,0.3415,99.8,94.8,25.025,12.674
BATCH_00637,71.59,12.88,193.08,2914.7,2.7102,48.03,0.9409,127.79,20.48,0.3723,99.8,95.9,31.063,3.97
BATCH_00638,65.59,14.38,149.49,2406.4,2.7998,60.72,0.9213,136.13,20.8,0.374,99.8,96.34,27.6,3.757
BATCH_00639,54.68,10.43,129.57,2680.9,2.8088,57.96,0.9579,416.55,30.12,0.2296,99.8,95.02,24.424,10.174
BATCH_00640,54.64,13.3,109.19,2787.6,2.6905,53.18,0.9879,451.47,29.74,0.3268,99.8,96.49,26.685,12.048
BATCH_00641,62.31,16.12,200.35,2470.3,2.8418,56.56,0.9908,474.57,24.49,0.3292,99.8,95.6,30.659,14.55
BATCH_00642,78.35,12.06,183.22,3339.0,2.7505,60.25,0.9955,415.16,21.94,0.3654,98.58,94.77,32.215,13.374
BATCH_00643,62.92,10.8,174.36,2544.0,2.8334,47.31,0.9895,400.97,29.47,0.3364,99.8,95.89,27.968,11.215
BATCH_00644,52.97,11.2,214.73,2599.2,2.7914,49.26,0.9658,111.64,21.22,0.3683,99.8,93.95,29.964,3.345
BATCH_00645,63.03,10.32,195.93,2506.5,2.7945,54.23,0.9551,96.0,24.92,0.2968,99.8,97.31,26.658,2.559
BATCH_00646,62.82,10.93,220.41,3339.5,2.667,58.58,0.9812,129.13,29.41,0.3508,99.8,98.07,32.384,4.182
BATCH_00647,43.42,11.76,145.18,2965.9,2.694,45.62,0.9784,439.42,20.65,0.3769,99.8,95.82,28.835,12.671
BATCH_00648,64.57,9.69,179.14,2519.0,2.6518,61.73,0.9625,133.39,27.32,0.2823,99.8,95.1,24.837,3.313
BATCH_00649,63.15,12.53,139.58,3131.9,2.7932,52.73,0.9269,90.15,26.08,0.4423,99.8,97.51,28.751,2.592
BATCH_00650,70.57,14.3,174.27,2860.2,2.7189,51.11,0.9932,112.02,23.84,0.3898,99.8,97.89,30.043,3.366
BATCH_00651,79.79,10.68,173.78,2877.2,2.8073,49.98,0.956,84.21,20.03,0.3427,99.35,93.53,27.432,2.31
BATCH_00652,74.01,15.54,195.67,2696.7,2.7178,47.96,0.9487,411.89,21.1,0.31,99.8,95.78,31.57,13.003
BATCH_00653,62.85,13.52,181.14,2575.2,2.8139,58.46,0.9697,78.65,25.16,0.3365,99.8,95.92,29.058,2.285
BATCH_00654,56.15,14.56,195.59,2901.3,2.6761,61.24,0.9732,120.25,18.31,0.3473,99.8,94.33,30.839,3.708
BATCH_00655,85.59,11.18,197.59,2636.5,2.6847,52.03,0.9366,468.36,24.52,0.3621,97.02,90.63,29.228,13.689
BATCH_00656,65.47,14.21,233.87,3345.0,2.7182,61.19,0.9861,488.63,26.16,0.4049,99.8,97.71,35.157,17.179
BATCH_00657,65.11,10.32,172.12,2419.2,2.7317,59.0,0.9429,471.59,27.94,0.3263,99.8,95.83,25.193,11.881
BATCH_00658,64.81,14.28,156.47,3260.8,2.7197,53.18,0.9347,401.47,18.41,0.3683,99.8,94.96,30.307,12.167
BATCH_00659,66.58,12.84,186.15,2766.6,2.8027,56.46,0.9521,525.12,29.26,0.2946,99.8,96.5,29.487,15.484
BATCH_00660,63.85,13.61,159.94,2889.7,2.6694,52.39,0.9777,142.83,30.78,0.3302,99.8,95.33,29.71,4.244
BATCH_00661,60.41,10.15,217.05,3049.9,2.7202,54.5,0.9963,125.31,25.64,0.3622,99.8,95.93,30.43,3.813
BATCH_00662,60.63,10.71,172.92,2610.9,2.8174,45.99,0.9839,126.01,19.85,0.3752,99.8,94.73,27.676,3.488
BATCH_00663,64.74,13.69,165.86,3059.3,2.6634,56.84,0.9943,112.4,22.69,0.3179,99.8,94.96,31.166,3.503
BATCH_00664,60.65,10.6,168.22,1987.7,2.8385,45.9,0.9311,97.26,23.81,0.3309,99.8,96.74,23.16,2.253
BATCH_00665,59.3,13.43,197.96,2584.0,2.8473,58.89,0.9256,150.93,25.08,0.4074,99.8,96.12,30.327,4.577
BATCH_00666,65.85,9.77,176.06,2522.8,2.6677,59.02,0.9641,152.81,24.09,0.3959,99.8,95.22,27.34,4.178
BATCH_00667,62.96,14.2,163.96,2423.9,2.7083,49.03,0.9429,493.81,25.12,0.3582,99.8,96.12,27.717,13.687
BATCH_00668,77.03,10.03,221.63,2735.5,2.7245,50.5,0.9854,116.16,23.64,0.2608,99.67,94.42,30.062,3.492
BATCH_00669,43.79,13.6,158.6,2915.7,2.8053,53.18,0.9731,116.41,25.06,0.4512,99.8,95.22,31.54,3.672
BATCH_00670,73.73,13.75,180.89,3010.8,2.7692,55.14,0.9967,468.2,22.16,0.3504,99.8,97.16,30.974,14.502
BATCH_00671,74.97,11.11,196.31,2872.3,2.7789,49.89,0.9401,121.61,22.65,0.3391,99.8,96.78,29.245,3.556
BATCH_00672,48.41,13.66,139.22,2600.3,2.8015,55.07,0.9584,143.67,21.7,0.3312,99.8,95.98,27.584,3.963
BATCH_00673,62.26,13.02,192.01,2910.7,2.6736,50.06,0.9596,101.32,31.67,0.3676,99.8,96.14,31.251,3.166
BATCH_00674,62.03,11.42,153.62,2837.3,2.8166,45.94,0.9389,387.11,29.86,0.3685,99.8,95.99,25.502,9.872
BATCH_00675,53.74,10.48,200.57,3080.8,2.7911,45.04,0.9666,150.92,26.22,0.3915,99.8,96.49,30.485,4.601
BATCH_00676,58.78,8.57,155.93,3033.1,2.7655,46.72,0.955,471.13,29.3,0.3169,99.8,95.2,26.246,12.365
BATCH_00677,56.12,13.2,197.32,2809.1,2.8279,58.47,0.9553,430.93,27.19,0.3419,99.8,96.86,30.682,13.222
BATCH_00678,79.02,9.37,207.65,2530.8,2.7901,61.34,0.9487,506.17,24.73,0.436,98.42,94.42,28.182,14.265
BATCH_00679,72.49,12.69,201.54,2604.1,2.6903,52.26,0.9213,111.75,17.98,0.3642,99.8,95.74,29.561,3.303
BATCH_00680,75.17,11.97,186.28,2635.1,2.7359,53.72,0.9612,158.87,22.95,0.3488,99.8,95.43,27.817,4.419
BATCH_00681,70.77,13.86,174.22,2705.4,2.7488,47.5,0.9465,459.25,22.66,0.3185,99.8,96.84,29.581,13.585
BATCH_00682,55.97,11.9,165.59,2880.4,2.661,54.37,0.9201,148.69,19.47,0.3768,99.8,95.85,29.919,4.449
BATCH_00683,60.8,11.84,216.78,3014.6,2.8409,47.46,0.9443,470.61,18.06,0.3983,99.8,95.3,31.123,14.647
BATCH_00684,68.91,13.96,162.51,2784.7,2.6757,55.39,0.942,511.82,25.97,0.3925,99.8,95.62,28.145,14.405
BATCH_00685,55.22,13.17,154.07,2804.8,2.7895,60.87,0.9511,102.8,25.3,0.3476,99.8,96.77,28.222,2.901
BATCH_00686,70.7,13.13,196.63,2843.0,2.7512,48.33,0.9304,481.98,19.33,0.3729,99.62,94.39,30.608,14.753
BATCH_00687,63.08,13.44,160.1,2645.2,2.6551,58.0,0.9601,95.25,21.02,0.4257,99.8,95.64,29.457,2.806
BATCH_00688,62.0,9.43,156.25,2522.4,2.8349,45.4,0.9747,466.92,28.64,0.4021,99.77,97.07,24.561,11.468
BATCH_00689,70.69,14.01,143.91,2273.4,2.8204,51.38,0.9698,499.23,20.49,0.3284,99.8,95.83,25.467,12.714
BATCH_00690,68.55,13.72,167.93,2591.5,2.7549,46.88,0.9835,123.36,24.68,0.2584,99.8,96.27,26.043,3.213
BATCH_00691,62.11,10.47,177.93,2941.9,2.6958,50.99,0.9557,152.79,23.24,0.3725,99.8,97.09,29.768,4.548
BATCH_00692,74.27,12.01,186.08,2589.1,2.6743,47.95,0.961,492.21,26.03,0.393,99.8,96.89,28.822,14.187
BATCH_00693,56.35,12.42,203.78,2728.7,2.7227,51.35,0.984,132.51,20.58,0.318,99.8,95.56,29.425,3.899
BATCH_00694,69.93,12.23,193.17,2939.9,2.7011,52.1,0.9538,88.79,24.36,0.3617,99.8,95.87,29.234,2.596
BATCH_00695,69.74,13.17,175.23,2956.2,2.7513,50.11,0.9754,122.35,24.67,0.3519,99.8,96.9,28.912,3.538
BATCH_00696,62.52,15.36,175.05,2476.1,2.8433,56.16,0.9543,454.03,24.92,0.3671,99.8,96.94,29.568,13.425
BATCH_00697,67.61,14.66,192.75,3099.1,2.765,60.62,0.953,114.64,24.32,0.3416,99.8,95.91,31.189,3.575
BATCH_00698,54.99,9.88,211.81,3138.2,2.828,51.81,0.9801,133.78,25.38,0.4154,99.8,95.95,31.194,4.173
BATCH_00699,72.39,13.74,183.16,2461.0,2.7802,48.27,0.9338,463.67,32.77,0.3702,99.58,96.27,30.373,14.083
BATCH_00700,63.52,15.16,168.27,2552.8,2.745,49.6,0.9467,78.41,34.25,0.3295,99.8,97.37,28.573,2.24
BATCH_00701,60.82,13.27,155.18,3157.3,2.8209,59.52,0.9377,133.93,21.44,0.4019,99.8,97.07,29.31,3.925
BATCH_00702,73.39,14.68,143.87,2755.9,2.7443,54.72,0.9484,163.6,14.73,0.315,99.8,96.69,28.401,4.646
BATCH_00703,59.37,16.52,196.66,2134.1,2.8237,52.74,0.9382,95.1,26.38,0.4174,99.8,94.92,28.915,2.75
BATCH_00704,53.73,14.55,194.45,2380.1,2.7083,47.54,0.9658,150.55,24.75,0.4062,99.73,95.73,31.017,4.67
BATCH_00705,52.55,13.0,194.43,2725.2,2.6758,52.65,0.9831,121.09,28.24,0.4225,99.61,95.78,31.425,3.805
BATCH_00706,69.85,14.59,176.78,2451.1,2.8211,49.73,0.9821,86.61,25.14,0.3611,99.8,97.42,28.641,2.48
BATCH_00707,54.76,12.79,215.17,2676.0,2.7675,61.03,0.9488,91.71,24.23,0.348,99.8,95.76,29.828,2.736
BATCH_00708,79.04,12.55,167.9,2809.7,2.8278,60.03,0.9981,120.39,28.52,0.3717,98.6,95.32,28.401,3.419
BATCH_00709,48.34,11.8,203.88,3238.7,2.8376,46.43,0.9669,447.69,29.08,0.3654,99.8,95.43,31.579,14.138
BATCH_00710,78.57,15.63,179.03,2712.9,2.6607,53.78,0.9516,467.71,18.45,0.3431,98.67,93.79,30.674,14.347
BATCH_00711,66.69,10.86,164.79,3121.8,2.7502,48.83,0.986,77.65,20.73,0.3475,99.8,96.48,29.611,2.299
BATCH_00712,64.23,15.56,194.81,3228.6,2.725,51.98,0.9777,459.73,23.58,0.3555,99.8,97.57,32.438,14.912
BATCH_00713,60.64,13.5,190.24,3230.3,2.7752,59.91,0.9792,124.85,24.39,0.3238,99.8,95.79,32.546,4.063
BATCH_00714,68.19,9.7,188.92,2885.4,2.8087,53.97,0.9355,119.84,23.1,0.3981,99.8,93.44,29.244,3.505
BATCH_00715,64.7,13.24,182.03,2211.0,2.7061,50.68,0.957,107.47,25.74,0.3694,99.8,94.44,26.999,2.902
BATCH_00716,73.83,8.3,179.05,2938.2,2.7614,48.53,0.9881,125.05,27.98,0.3596,99.8,96.3,26.6,3.326
BATCH_00717,65.91,13.75,239.71,3114.5,2.7917,58.61,0.9598,146.0,30.89,0.3279,99.8,94.53,34.002,4.964
BATCH_00718,66.2,14.27,209.61,2775.7,2.6769,55.62,0.974,478.47,26.32,0.3264,99.8,95.13,30.468,14.578
BATCH_00719,62.09,11.32,198.07,3323.4,2.8128,52.96,0.9664,116.97,20.59,0.4507,99.8,96.01,32.98,3.858
BATCH_00720,64.54,12.75,182.79,3058.0,2.7712,48.7,0.9865,405.83,23.41,0.3486,99.8,93.55,29.537,11.987
BATCH_00721,67.46,16.41,205.18,2970.5,2.8399,50.68,0.9425,569.17,23.7,0.3986,99.8,95.62,33.921,19.307
BATCH_00722,51.32,11.49,192.95,3125.9,2.7179,61.32,0.9655,436.25,26.06,0.3811,99.8,94.84,30.691,13.389
BATCH_00723,54.21,10.38,180.66,2900.0,2.6716,53.84,0.9297,488.05,25.55,0.2641,99.8,94.5,27.438,13.391
BATCH_00724,70.95,15.46,172.41,2052.2,2.7513,51.81,0.9745,547.28,32.2,0.4472,99.8,95.2,27.901,15.269
BATCH_00725,66.37,16.43,177.98,2650.3,2.6672,53.86,0.9778,495.55,22.15,0.4033,99.8,94.93,31.746,15.731
BATCH_00726,63.53,12.51,100.74,3159.2,2.8439,58.24,0.9234,68.13,25.54,0.3457,99.8,96.47,25.637,1.747
BATCH_00727,65.15,14.52,185.27,2557.7,2.6577,50.78,0.9734,167.8,33.42,0.3757,99.8,97.2,29.352,4.925
BATCH_00728,67.78,15.18,167.79,2733.0,2.8007,48.04,0.9528,422.53,21.66,0.3313,99.8,95.64,28.971,12.241
BATCH_00729,60.68,11.02,219.82,2486.5,2.755,54.94,0.9298,499.68,24.58,0.4508,99.8,95.4,29.711,14.846
BATCH_00730,58.77,11.53,180.48,3335.2,2.7237,56.31,0.9532,120.95,20.22,0.3419,99.8,95.59,30.189,3.651
BATCH_00731,66.57,14.96,150.28,3304.4,2.6632,57.12,0.9353,134.12,24.33,0.3577,99.8,94.89,29.622,3.973
BATCH_00732,57.17,15.87,178.75,2534.8,2.7744,59.99,0.9528,107.78,20.88,0.3499,99.8,94.71,28.971,3.123
BATCH_00733,68.27,13.63,153.85,2844.2,2.767,51.31,0.9504,400.54,28.19,0.3828,99.8,94.35,30.134,12.07
BATCH_00734,51.38,10.74,191.84,2595.9,2.7062,46.28,0.9783,136.26,24.59,0.4348,99.8,94.67,28.727,3.914
BATCH_00735,73.23,16.47,187.27,2984.5,2.832,61.29,0.9812,136.61,20.26,0.452,99.8,97.63,33.196,4.535
BATCH_00736,68.78,11.44,203.95,2952.9,2.7108,52.4,0.968,139.37,27.36,0.365,99.8,95.31,30.255,4.217
BATCH_00737,67.05,11.83,160.23,3043.5,2.7399,55.6,0.9218,422.97,24.72,0.3965,99.8,93.06,29.031,12.279
BATCH_00738,72.86,13.18,180.85,2899.6,2.7588,56.33,0.9936,394.14,27.81,0.3851,99.8,95.41,29.832,11.758
BATCH_00739,78.32,15.61,145.87,3600.0,2.67,54.29,0.9742,503.32,19.41,0.343,99.53,92.81,32.669,16.443
BATCH_00740,73.11,14.21,197.54,2491.6,2.8364,48.49,0.9227,461.89,25.48,0.4796,99.8,96.06,30.619,14.143
BATCH_00741,50.27,13.33,192.97,2286.8,2.7249,57.84,0.9847,147.06,27.09,0.4377,99.8,95.95,27.813,4.09
BATCH_00742,54.76,13.43,192.4,2682.1,2.6662,58.66,0.9358,160.4,22.31,0.3912,99.8,96.06,30.255,4.853
BATCH_00743,60.0,12.59,180.04,2329.6,2.7275,54.4,0.9658,127.63,18.96,0.4473,99.8,95.96,25.974,3.315
BATCH_00744,65.21,13.62,190.37,2352.3,2.77,53.31,0.9569,100.84,23.83,0.433,99.8,95.63,29.335,2.958
BATCH_00745,69.14,7.44,220.11,2499.6,2.7527,46.94,0.9532,77.57,28.91,0.3882,99.8,94.54,26.368,2.045
BATCH_00746,59.19,11.91,172.87,2523.3,2.7889,46.43,0.9903,495.89,28.5,0.3985,99.8,95.93,27.6,13.687
BATCH_00747,66.49,12.98,183.47,2513.6,2.6611,50.77,0.9546,75.09,22.29,0.4464,99.8,97.02,28.097,2.11
BATCH_00748,58.96,10.2,152.85,2955.5,2.7069,50.28,0.926,111.48,18.87,0.3485,99.8,97.81,27.17,3.029
BATCH_00749,60.11,13.27,158.29,2648.1,2.8138,61.21,0.9948,509.91,22.28,0.4537,99.8,95.76,28.998,14.786
BATCH_00750,53.75,12.09,182.45,2746.1,2.666,58.32,0.9927,455.29,22.13,0.3782,99.8,95.87,30.216,13.757
BATCH_00751,57.61,16.01,207.6,3068.3,2.8211,56.22,0.9741,120.9,25.79,0.4487,99.8,96.5,32.875,3.974
BATCH_00752,54.19,15.65,173.59,2570.1,2.6684,53.8,0.957,123.45,23.58,0.3879,99.8,97.49,30.606,3.778
BATCH_00753,57.19,11.57,174.1,2720.6,2.8169,47.85,0.9273,430.55,20.99,0.4021,99.8,95.51,28.476,12.26
BATCH_00754,73.43,12.2,169.83,2909.7,2.7222,61.63,0.9825,120.37,28.42,0.3876,99.8,96.69,28.795,3.466
BATCH_00755,57.4,12.35,166.63,2217.5,2.7724,51.38,0.926,64.26,24.56,0.3682,99.8,95.18,26.791,1.722
BATCH_00756,86.06,11.6,187.37,2084.5,2.6806,46.82,0.9254,138.31,25.74,0.3791,96.97,91.02,26.167,3.619
BATCH_00757,68.95,12.89,142.57,2903.8,2.6632,53.39,0.9625,510.79,17.1,0.4455,99.8,96.97,29.088,14.858
BATCH_00758,66.48,10.98,212.02,2947.6,2.6932,59.86,0.9327,335.9,14.3,0.2983,99.8,94.71,29.394,9.873
BATCH_00759,58.13,10.24,163.36,3419.3,2.6756,60.08,0.9206,99.64,18.25,0.3417,99.8,95.47,29.021,2.892
BATCH_00760,70.6,13.75,198.05,2847.4,2.7125,45.19,0.9534,105.75,22.08,0.3627,99.8,96.95,31.735,3.356
BATCH_00761,60.39,13.76,148.25,3045.9,2.7529,60.07,0.9308,483.72,26.31,0.349,99.8,96.62,30.391,14.701
BATCH_00762,65.98,10.89,196.72,2741.4,2.7678,49.62,0.9327,431.31,14.63,0.453,99.8,97.04,29.527,12.735
BATCH_00763,85.48,14.29,196.8,2889.2,2.808,45.66,0.9261,466.65,30.37,0.4434,95.91,91.82,29.67,13.846
BATCH_00764,64.23,11.24,189.61,3300.2,2.7812,59.41,0.9362,346.09,24.68,0.4172,99.8,95.66,31.227,10.807
BATCH_00765,74.19,13.01,155.14,2162.8,2.7718,59.69,0.9765,117.6,29.44,0.3685,99.8,98.2,25.766,3.03
BATCH_00766,59.37,14.14,186.24,2924.1,2.7324,55.14,0.9839,138.85,20.46,0.4478,99.8,96.14,31.275,4.343
BATCH_00767,64.72,12.43,150.42,3440.7,2.7448,54.77,0.9558,457.95,26.02,0.3313,99.8,92.94,30.338,13.893
BATCH_00768,79.17,13.41,173.68,2884.6,2.7329,58.82,0.96,460.94,24.34,0.481,98.48,93.72,30.119,13.883
BATCH_00769,59.98,11.47,205.74,3295.2,2.8184,58.37,0.9226,156.82,27.27,0.3684,99.8,95.53,32.649,5.12
BATCH_00770,79.5,12.11,199.92,2611.2,2.696,60.13,0.9255,458.7,23.06,0.3857,98.42,94.64,28.472,13.06
BATCH_00771,70.66,12.09,180.38,2790.4,2.6511,54.4,0.9403,142.93,25.89,0.3795,99.8,95.55,30.084,4.3
BATCH_00772,60.5,11.01,155.63,2810.1,2.7803,61.45,0.963,82.07,28.41,0.3542,99.8,97.1,28.434,2.334
BATCH_00773,70.06,12.15,196.14,2134.7,2.6905,61.93,0.9784,135.03,21.4,0.4746,99.05,96.56,27.178,3.67
BATCH_00774,72.78,9.4,180.48,2449.5,2.828,46.98,0.9678,402.18,24.97,0.4296,99.8,95.0,25.899,10.416
BATCH_00775,69.97,11.52,121.99,2470.9,2.8218,59.44,0.951,444.47,16.45,0.4471,99.53,95.86,25.361,11.272
BATCH_00776,52.44,11.93,199.57,3046.6,2.6653,53.5,0.9293,113.59,26.81,0.35,99.76,95.22,29.853,3.391
BATCH_00777,59.18,11.99,179.39,3061.6,2.6713,51.59,0.9817,135.26,31.82,0.4066,99.8,96.18,29.859,4.039
BATCH_00778,63.02,12.02,210.06,2897.2,2.749,55.42,0.9487,362.83,19.02,0.4207,99.8,95.22,32.117,11.653
BATCH_00779,64.4,12.38,152.62,3047.2,2.7718,45.95,0.9781,165.46,23.63,0.4111,99.8,96.07,29.683,4.911
BATCH_00780,69.97,13.46,100.58,2750.8,2.705,53.61,0.9605,124.8,27.52,0.3543,99.8,95.73,27.097,3.382
BATCH_00781,66.42,14.25,186.98,3160.6,2.7934,59.81,0.9784,112.0,24.13,0.4442,99.8,95.85,32.615,3.653
BATCH_00782,54.32,11.2,187.29,2802.6,2.769,48.63,0.9917,438.74,24.66,0.4065,99.6,98.05,28.702,12.593
BATCH_00783,68.04,10.09,137.73,2817.4,2.715,52.25,0.9928,96.68,22.44,0.3639,99.8,95.64,25.946,2.508
BATCH_00784,69.88,10.42,155.54,2720.3,2.6551,60.97,0.9623,104.31,22.29,0.3283,99.8,94.07,26.227,2.736
BATCH_00785,69.48,11.53,248.88,3005.3,2.8,52.29,0.9604,426.2,23.65,0.4272,99.8,97.02,33.28,14.184
BATCH_00786,73.65,11.8,172.36,2673.6,2.693,51.09,0.941,107.81,24.17,0.5014,99.8,97.01,28.844,3.11
BATCH_00787,71.67,10.96,198.27,3092.9,2.8169,52.49,0.9939,480.46,19.27,0.3633,99.8,94.02,29.747,14.292
BATCH_00788,68.67,9.91,163.73,2460.4,2.7341,53.83,0.9562,484.81,23.74,0.4111,99.8,95.3,26.21,12.707
BATCH_00789,64.44,11.59,127.74,2470.3,2.7654,55.74,0.9301,452.04,30.27,0.4492,99.68,96.44,24.241,10.958
BATCH_00790,51.71,12.86,175.74,3006.2,2.8246,58.61,0.9542,123.67,22.32,0.3544,99.8,96.52,29.403,3.636
BATCH_00791,68.44,13.69,173.36,2773.4,2.8227,52.69,0.93,134.81,19.05,0.3865,99.8,96.0,29.48,3.974
BATCH_00792,66.66,11.39,170.0,2663.8,2.7243,58.9,0.9597,482.55,23.39,0.3717,99.8,96.02,25.836,12.467
BATCH_00793,67.17,11.67,177.13,3067.0,2.6918,54.07,0.9643,362.04,21.14,0.446,99.8,95.06,30.865,11.174
BATCH_00794,54.79,10.65,186.61,2617.8,2.805,50.75,0.9467,477.74,18.65,0.46,99.8,93.6,26.828,12.816
BATCH_00795,56.35,12.44,176.25,2739.9,2.7366,56.19,0.9257,473.91,24.56,0.4138,99.8,98.05,29.631,14.042
BATCH_00796,73.43,10.8,148.4,3219.8,2.6884,57.2,0.9945,126.66,21.16,0.3743,99.8,95.03,27.459,3.478
BATCH_00797,64.68,13.65,192.15,3261.7,2.8309,54.49,0.9811,453.28,21.5,0.3907,99.8,96.18,32.148,14.572
BATCH_00798,70.45,8.93,131.27,3271.7,2.6896,45.96,0.9863,344.52,24.61,0.3836,99.8,95.84,27.321,9.413
BATCH_00799,65.23,11.78,128.74,2715.4,2.6552,47.89,0.949,108.3,17.87,0.3702,99.8,96.9,27.746,3.005
BATCH_00800,65.24,13.1,198.48,3169.2,2.6541,49.85,0.9801,91.34,17.03,0.4056,99.8,96.11,32.319,2.952
BATCH_00801,72.51,12.87,192.68,2515.3,2.7745,49.8,0.9583,103.32,26.68,0.4332,99.8,96.15,27.787,2.871
BATCH_00802,60.87,17.89,178.57,2527.9,2.7823,56.45,0.9359,446.17,16.28,0.4302,99.8,93.37,32.139,14.339
BATCH_00803,65.77,13.2,145.11,2094.9,2.7122,45.31,0.9298,460.76,20.09,0.4108,99.8,95.17,25.159,11.592
BATCH_00804,61.3,10.49,162.3,3301.9,2.714,57.85,0.9473,164.51,16.8,0.4138,99.8,96.74,29.664,4.88
BATCH_00805,61.52,12.31,173.43,2540.8,2.7179,49.51,0.9309,489.65,22.06,0.4087,99.8,96.65,28.503,13.956
BATCH_00806,62.53,8.95,140.1,2762.0,2.786,50.27,0.9989,449.7,25.71,0.3605,99.8,95.05,23.389,10.518
BATCH_00807,66.78,12.34,161.52,2526.9,2.6616,53.97,0.9239,127.65,24.45,0.4193,99.8,94.42,27.495,3.51
BATCH_00808,61.17,10.83,196.31,3008.5,2.8358,48.67,0.9549,152.4,33.57,0.39,99.8,96.13,29.835,4.547
BATCH_00809,75.05,14.33,215.68,2687.3,2.6945,60.04,0.9557,505.28,28.35,0.3599,99.8,93.07,32.493,16.418
BATCH_00810,57.84,11.4,169.51,2408.6,2.8499,46.45,0.9437,565.31,20.28,0.4291,99.8,94.85,27.561,15.581
BATCH_00811,63.51,12.27,198.91,2932.5,2.6843,52.55,0.9651,76.92,19.21,0.3902,99.8,97.76,29.453,2.266
BATCH_00812,61.48,11.23,132.15,2369.9,2.8043,59.44,0.9318,535.43,34.83,0.4242,99.8,97.45,25.843,13.837
BATCH_00813,76.58,15.98,196.49,2548.8,2.6947,55.47,0.9819,106.79,28.25,0.4495,99.31,95.73,31.822,3.398
BATCH_00814,66.57,11.86,159.9,2167.9,2.6662,49.97,0.9463,95.49,26.36,0.378,99.8,96.31,24.21,2.312
BATCH_00815,73.25,16.17,187.68,2372.8,2.825,52.15,0.9667,88.31,24.3,0.4202,99.8,94.05,30.273,2.673
BATCH_00816,53.12,14.13,173.81,2853.6,2.8218,57.01,0.9765,124.02,25.09,0.3445,99.8,95.26,30.707,3.808
BATCH_00817,67.14,13.46,213.01,2210.6,2.7307,61.55,0.9902,463.96,18.07,0.4787,99.8,95.7,28.814,13.369
BATCH_00818,72.12,13.24,158.14,2355.7,2.7905,60.18,0.986,500.97,24.63,0.3635,99.8,95.28,27.854,13.954
BATCH_00819,65.66,13.29,195.69,2799.3,2.7614,50.82,0.9681,134.76,24.28,0.3977,99.8,95.65,29.443,3.968
BATCH_00820,73.52,8.64,173.01,2636.9,2.8206,61.97,0.9507,117.44,20.38,0.4723,99.8,97.3,26.246,3.082
BATCH_00821,60.86,11.94,176.04,3397.6,2.713,45.06,0.9598,87.77,21.85,0.4098,99.8,95.46,30.671,2.692
BATCH_00822,76.27,14.19,175.4,3350.2,2.7547,45.47,0.9807,138.37,30.06,0.3717,99.8,95.05,33.257,4.602
BATCH_00823,83.39,12.4,158.86,2539.6,2.7471,59.01,0.9893,92.63,23.5,0.4486,96.65,92.71,27.239,2.523
BATCH_00824,62.1,9.69,179.65,2967.1,2.7208,48.39,0.9282,120.54,32.28,0.4482,99.8,94.58,28.002,3.375
BATCH_00825,61.44,12.4,178.43,3024.8,2.8283,46.03,0.9504,111.46,17.04,0.3957,99.43,95.16,30.56,3.406
BATCH_00826,76.63,15.91,186.03,2620.8,2.6832,49.03,0.9813,142.33,21.91,0.4004,99.53,94.48,31.401,4.469
BATCH_00827,77.64,14.99,182.11,2351.3,2.6799,52.24,0.9541,93.55,17.81,0.4045,99.52,94.79,29.671,2.776
BATCH_00828,60.82,12.38,199.95,2796.3,2.7654,57.42,0.9462,457.82,19.16,0.4141,99.51,95.66,30.258,13.852
BATCH_00829,61.64,14.4,203.09,2748.1,2.7815,55.61,0.9525,99.01,20.69,0.3471,99.12,95.69,31.288,3.098
BATCH_00830,62.75,11.77,153.73,2669.3,2.6889,49.04,0.9676,107.22,25.26,0.416,99.27,95.34,26.823,2.876
BATCH_00831,54.24,9.09,201.72,2932.7,2.7281,53.56,0.999,468.97,25.07,0.495,99.8,94.93,31.224,14.643
BATCH_00832,57.65,10.65,150.34,2574.8,2.8393,60.75,0.9589,172.3,21.28,0.3883,99.8,96.61,26.936,4.641
BATCH_00833,56.97,15.63,194.7,2454.4,2.6993,58.86,0.9365,133.76,15.09,0.4012,99.8,95.66,31.361,4.195
BATCH_00834,58.86,11.95,195.49,2832.7,2.7837,50.49,0.9329,100.82,29.91,0.3777,99.8,96.62,30.57,3.082
BATCH_00835,64.72,12.01,132.22,2915.8,2.798,61.7,0.9233,413.64,22.86,0.45,99.8,94.89,28.022,11.591
BATCH_00836,66.87,11.9,182.32,2447.0,2.7396,57.05,0.9641,107.61,19.53,0.4741,99.8,95.33,27.337,2.942
BATCH_00837,77.4,16.31,168.29,3078.4,2.8375,46.06,0.963,554.37,25.1,0.4736,99.48,94.62,33.011,18.3
BATCH_00838,57.01,15.75,161.03,2268.9,2.7973,45.6,0.9362,72.7,24.82,0.3769,99.8,95.87,28.069,2.041
BATCH_00839,72.87,16.94,213.77,2626.6,2.7416,47.86,0.9749,422.51,22.71,0.4473,99.8,96.75,34.146,14.427
BATCH_00840,63.29,12.18,163.66,2722.6,2.7639,57.37,0.9785,164.27,24.59,0.4851,99.8,95.57,29.369,4.824
BATCH_00841,64.6,13.09,159.84,2609.1,2.7885,48.12,0.9405,91.65,19.38,0.4486,99.8,96.75,28.767,2.636
BATCH_00842,70.4,9.47,181.89,2630.5,2.7684,53.7,0.9472,410.68,27.04,0.4478,99.8,96.37,26.229,10.772
BATCH_00843,56.02,15.45,197.14,3361.3,2.8257,46.59,0.9982,175.08,20.01,0.4102,99.8,95.89,34.14,5.977
BATCH_00844,68.06,10.16,176.46,2544.7,2.7214,60.66,0.9496,135.8,21.58,0.4383,99.25,95.05,26.826,3.643
BATCH_00845,66.33,12.93,209.16,3532.4,2.71,50.85,0.9801,448.62,26.6,0.4794,99.8,96.76,34.804,15.614
BATCH_00846,68.94,10.31,193.27,2931.1,2.6928,60.44,0.9558,350.12,28.82,0.4436,99.8,95.07,29.435,10.306
BATCH_00847,67.31,11.32,125.54,2827.6,2.6576,61.06,0.9827,514.45,30.34,0.381,99.8,95.98,25.882,13.315
BATCH_00848,84.64,10.83,166.76,2942.9,2.6586,45.1,0.9808,446.21,28.22,0.4131,96.56,91.32,28.936,12.911
BATCH_00849,59.9,11.28,165.95,3559.0,2.824,52.89,0.9728,110.02,22.7,0.4802,99.8,95.79,31.327,3.447
BATCH_00850,60.75,11.42,191.98,2501.9,2.7857,45.42,0.9875,71.02,17.84,0.4452,99.8,95.61,28.69,2.038
BATCH_00851,60.01,11.4,114.38,2463.9,2.7821,60.45,0.9942,483.45,29.62,0.4375,99.8,95.18,23.284,11.257
BATCH_00852,60.56,14.17,243.73,2573.5,2.7729,53.81,0.9658,95.83,29.48,0.411,99.8,94.38,32.041,3.071
BATCH_00853,59.9,10.29,193.28,2809.6,2.8198,46.27,0.9388,112.97,21.31,0.4811,99.8,97.4,30.043,3.394
BATCH_00854,74.51,12.94,183.72,2282.3,2.7461,46.87,0.9515,421.63,27.68,0.5005,99.8,95.51,27.486,11.589
BATCH_00855,76.36,14.94,209.54,2806.7,2.8241,51.52,0.9799,462.1,22.67,0.485,99.45,95.22,33.819,15.628
BATCH_00856,60.43,11.47,238.59,3308.1,2.7219,60.98,0.9714,428.52,30.01,0.4926,99.8,95.87,35.263,15.111
BATCH_00857,58.34,11.06,201.77,2845.4,2.8353,56.78,0.934,126.58,21.94,0.421,99.8,97.1,29.893,3.784
BATCH_00858,68.77,12.04,203.72,2712.2,2.7897,59.75,0.924,119.93,31.91,0.4158,99.8,97.93,32.557,3.905
BATCH_00859,60.58,14.86,183.27,2614.6,2.7014,51.23,0.974,93.53,27.14,0.43,99.8,96.16,31.336,2.931
BATCH_00860,70.06,12.89,176.46,3069.6,2.7628,45.73,0.9398,472.77,31.19,0.4383,99.8,95.84,30.064,14.213
BATCH_00861,66.62,11.44,168.11,2552.3,2.7566,61.56,0.9595,122.83,22.14,0.4944,99.8,94.88,28.525,3.504
BATCH_00862,52.87,13.47,159.35,3353.9,2.6776,45.29,0.979,139.87,25.62,0.4843,99.8,94.56,31.766,4.443
BATCH_00863,77.38,10.3,162.82,3380.0,2.7682,61.11,0.9645,117.29,20.12,0.4596,98.69,93.08,29.518,3.462
BATCH_00864,79.37,13.86,146.24,2877.0,2.713,51.27,0.9266,461.69,27.38,0.3813,98.32,93.11,27.836,12.852
BATCH_00865,60.1,13.32,178.1,2796.5,2.6605,45.17,0.9347,131.61,27.6,0.3715,99.8,93.91,30.404,4.002
BATCH_00866,61.9,11.88,137.88,3109.2,2.8397,56.72,0.9373,117.92,33.59,0.4491,99.8,97.08,28.11,3.315
BATCH_00867,67.29,10.82,184.77,3128.4,2.7783,61.67,0.9404,495.79,25.93,0.4751,99.73,96.42,30.531,15.137
BATCH_00868,67.68,10.73,179.09,2558.2,2.8254,61.42,0.9647,461.31,26.9,0.4372,99.8,95.75,27.013,12.461
BATCH_00869,70.27,13.57,183.67,2642.0,2.7852,47.74,0.9598,143.99,22.12,0.5174,99.8,97.11,29.753,4.284
BATCH_00870,81.08,14.96,166.95,2403.3,2.7214,48.08,0.936,138.94,26.17,0.3979,97.42,92.01,28.423,3.949
BATCH_00871,63.58,11.23,256.92,2922.7,2.7525,54.61,0.9253,87.75,22.48,0.3934,99.8,95.18,33.391,2.93
BATCH_00872,58.61,13.42,214.0,3000.0,2.7851,55.83,0.9335,136.57,24.46,0.4156,99.8,94.07,30.486,4.164
BATCH_00873,53.97,8.33,148.89,2395.0,2.8421,57.57,0.9978,129.41,24.7,0.4145,99.8,96.77,24.173,3.128
BATCH_00874,59.15,11.33,185.82,2663.4,2.7007,48.08,0.957,454.42,22.59,0.4641,99.8,95.19,28.408,12.909
BATCH_00875,64.73,12.44,164.8,2395.8,2.825,61.3,0.9885,533.62,24.25,0.4266,99.8,96.02,28.352,15.129
BATCH_00876,79.36,10.68,154.64,2530.4,2.8348,55.86,0.9871,131.32,22.5,0.382,98.33,94.91,28.387,3.728
BATCH_00877,60.86,10.63,146.5,2965.3,2.7841,59.4,0.9604,418.46,22.48,0.4801,99.8,97.37,27.687,11.586
BATCH_00878,66.79,11.16,190.81,2580.0,2.8363,54.18,0.9758,456.74,28.31,0.3744,99.8,95.97,26.871,12.273
BATCH_00879,64.87,13.08,162.97,2709.8,2.7296,52.04,0.9352,143.41,24.7,0.4024,99.8,96.38,28.675,4.112
BATCH_00880,74.51,12.13,204.2,2311.8,2.8406,61.61,0.9744,108.23,25.39,0.3808,99.8,95.1,28.235,3.056
BATCH_00881,85.22,8.02,204.84,2856.1,2.7906,54.9,0.9415,506.85,18.17,0.4545,96.16,92.78,30.477,15.447
BATCH_00882,60.75,8.26,214.35,2786.7,2.6584,59.74,0.9857,489.39,25.69,0.4541,99.74,95.83,30.554,14.953
BATCH_00883,61.08,11.29,158.69,2581.3,2.8314,61.21,0.9266,129.11,26.12,0.5238,99.8,96.08,28.376,3.664
BATCH_00884,73.35,13.42,191.88,2743.3,2.7469,56.48,0.9811,513.66,22.41,0.4841,99.8,95.59,30.4,15.615
BATCH_00885,70.46,7.0,195.81,2854.1,2.7421,54.33,0.9279,97.89,32.34,0.5057,99.8,97.2,28.772,2.817
BATCH_00886,79.77,11.5,168.15,2555.5,2.7633,45.06,0.9896,490.47,14.84,0.46,97.77,93.91,27.965,13.716
BATCH_00887,69.67,11.45,160.71,2357.1,2.6799,45.68,0.944,125.31,27.14,0.4098,99.8,96.76,26.426,3.311
BATCH_00888,62.13,15.28,220.24,3341.7,2.7438,48.41,0.9717,142.02,26.85,0.4545,99.8,96.35,34.234,4.862
BATCH_00889,69.73,11.73,185.69,2610.0,2.8162,48.16,0.9585,124.49,26.17,0.4735,99.45,95.78,29.908,3.723
BATCH_00890,73.87,13.27,195.9,2771.0,2.6531,49.33,0.9489,505.4,24.7,0.4784,99.8,96.93,31.15,15.743
BATCH_00891,71.56,12.78,159.45,3103.3,2.7046,50.18,0.971,103.46,26.2,0.4318,99.8,96.35,29.929,3.096
BATCH_00892,69.06,8.24,149.52,3600.0,2.6505,51.12,0.9949,472.33,27.47,0.4707,99.8,95.04,28.849,13.626
BATCH_00893,73.53,14.04,165.76,2426.7,2.7331,52.15,0.9233,515.84,21.1,0.4143,99.8,95.01,27.539,14.206
BATCH_00894,74.35,12.93,176.9,2934.9,2.7957,46.68,0.9926,118.07,25.2,0.4103,99.8,96.15,30.402,3.59
BATCH_00895,76.06,13.52,153.39,2587.7,2.8098,45.72,0.9681,133.57,23.27,0.4079,99.8,96.4,26.481,3.537
BATCH_00896,70.19,20.0,179.75,2638.4,2.839,56.46,0.9838,119.31,19.62,0.4539,99.8,97.64,33.79,4.032
BATCH_00897,63.66,8.33,137.79,2583.9,2.7717,54.13,0.9503,452.46,26.87,0.4063,99.8,94.22,23.466,10.617
BATCH_00898,66.17,15.95,152.0,2462.3,2.7009,52.55,0.9573,510.09,21.74,0.4369,99.48,96.03,27.148,13.848
BATCH_00899,74.65,11.93,196.77,2787.6,2.8348,55.79,0.9886,120.72,18.01,0.4904,99.8,96.49,31.994,3.862
BATCH_00900,58.46,13.07,195.09,2357.6,2.8051,59.07,0.9528,112.38,21.84,0.4136,99.8,96.3,28.16,3.165
BATCH_00901,67.95,12.41,170.2,3084.0,2.7649,52.27,0.9622,114.92,20.8,0.435,99.8,97.01,29.714,3.415
BATCH_00902,61.85,11.65,154.56,2816.5,2.7891,55.9,0.9216,109.91,28.11,0.4585,99.8,96.66,29.096,3.198
BATCH_00903,65.23,11.36,154.31,2926.7,2.8349,61.21,0.9325,510.13,24.61,0.466,99.8,95.01,29.994,15.301
BATCH_00904,75.23,13.16,170.67,2660.1,2.7925,59.27,0.9707,124.85,29.53,0.4366,99.8,94.88,27.804,3.471
BATCH_00905,66.53,9.47,196.11,2689.8,2.7237,52.24,0.9766,391.54,21.33,0.4885,99.8,96.31,28.024,10.972
BATCH_00906,65.37,14.0,203.21,2886.3,2.7926,55.96,0.966,124.02,27.5,0.4811,99.8,96.99,31.593,3.918
BATCH_00907,54.12,11.67,167.59,2450.8,2.6581,48.01,0.9313,106.23,35.36,0.5035,99.8,96.14,28.426,3.02
BATCH_00908,70.97,10.24,151.16,2692.6,2.7273,54.53,0.9552,186.77,25.42,0.4551,99.8,94.42,28.059,5.241
BATCH_00909,70.16,11.6,186.7,2542.1,2.7313,61.68,0.9481,130.34,27.45,0.4383,99.8,94.95,27.675,3.607
BATCH_00910,82.31,15.01,159.41,2532.8,2.6834,53.81,0.9592,467.21,26.77,0.4319,97.67,93.18,30.049,14.039
BATCH_00911,62.54,11.43,167.04,2167.0,2.6546,60.77,0.9888,134.8,18.31,0.472,99.8,95.65,25.617,3.453
BATCH_00912,66.75,13.22,213.13,3201.8,2.6767,51.92,0.9813,531.59,26.34,0.4451,99.8,96.12,33.675,17.901
BATCH_00913,67.0,11.04,200.68,2594.0,2.7809,61.98,0.9266,476.13,25.23,0.4378,99.8,97.07,28.126,13.392
BATCH_00914,77.62,14.02,183.95,3149.0,2.8105,54.85,0.9903,441.62,22.96,0.4431,98.97,93.54,32.051,14.154
BATCH_00915,64.24,13.87,148.2,3120.6,2.8476,45.72,0.9573,129.19,20.46,0.4342,99.8,95.59,30.024,3.879
BATCH_00916,67.23,16.2,185.28,2414.2,2.7193,54.97,0.9788,456.69,26.78,0.4699,99.8,95.48,30.362,13.866
BATCH_00917,69.86,12.15,206.57,2473.5,2.7699,49.67,0.9311,115.64,20.11,0.4059,99.8,96.36,29.648,3.429
BATCH_00918,66.49,13.84,170.61,3568.2,2.8374,45.55,0.973,101.86,32.53,0.475,99.8,96.77,32.465,3.307
BATCH_00919,61.43,12.7,213.78,3325.3,2.6834,58.95,0.9387,128.94,24.46,0.4904,99.8,94.52,33.242,4.286
BATCH_00920,66.55,15.09,212.32,2790.5,2.7935,49.69,0.9546,453.72,19.11,0.4405,99.8,95.99,33.041,14.991
BATCH_00921,73.59,11.06,221.59,2877.2,2.801,58.54,0.9213,487.46,21.94,0.5411,99.8,96.87,33.079,16.125
BATCH_00922,56.79,13.99,187.63,2610.7,2.6678,49.9,0.932,127.18,22.89,0.4654,99.8,94.15,30.292,3.853
BATCH_00923,66.06,12.11,194.68,2929.7,2.8222,48.3,0.9273,104.83,33.65,0.4027,99.8,95.94,30.932,3.243
BATCH_00924,59.4,12.37,215.35,2584.8,2.8126,61.56,0.9389,489.71,20.46,0.4543,99.8,94.78,31.265,15.311
BATCH_00925,74.56,12.68,191.18,2190.3,2.6567,51.15,0.9279,143.01,23.54,0.4685,99.22,95.36,28.795,4.118
BATCH_00926,52.81,13.0,167.47,2403.5,2.6682,55.22,0.9747,146.7,21.85,0.4844,99.8,93.49,27.309,4.006
BATCH_00927,60.53,12.27,168.79,2806.3,2.6598,55.37,0.9223,91.33,26.0,0.4566,99.8,97.39,28.554,2.608
BATCH_00928,68.02,12.93,185.96,2460.7,2.7169,54.53,0.9688,81.73,21.91,0.4269,99.8,95.64,28.259,2.31
BATCH_00929,77.52,15.66,147.74,2779.8,2.7519,60.55,0.9311,101.83,19.44,0.424,98.62,93.98,31.155,3.172
BATCH_00930,64.47,14.47,176.42,2477.6,2.7565,56.47,0.9947,146.13,23.22,0.4421,99.8,96.33,29.729,4.344
BATCH_00931,60.56,14.24,207.41,2565.3,2.7035,51.86,0.9937,463.9,22.8,0.4464,99.8,94.96,31.498,14.612
BATCH_00932,80.05,11.59,125.22,3055.9,2.8323,59.66,0.9378,96.88,21.63,0.4238,97.35,92.44,27.713,2.685
BATCH_00933,53.42,10.72,218.36,2874.2,2.7237,48.08,0.9685,127.68,21.84,0.4403,99.8,97.51,29.939,3.823
BATCH_00934,47.41,14.41,208.06,2797.1,2.6591,54.25,0.9222,510.29,28.74,0.4964,99.8,97.81,34.054,17.378
BATCH_00935,68.52,14.25,168.51,3063.7,2.71,61.16,0.9936,130.38,22.72,0.5364,99.8,95.41,32.151,4.192
BATCH_00936,60.98,15.45,193.58,2944.2,2.7562,55.63,0.9613,468.67,19.46,0.5012,99.8,97.07,33.53,15.714
BATCH_00937,56.83,11.29,180.08,3234.0,2.7316,58.89,0.9234,495.73,22.15,0.5236,99.8,96.36,29.954,14.849
BATCH_00938,70.67,12.04,210.75,2662.0,2.7048,56.11,0.9471,469.61,24.22,0.5108,99.8,94.59,31.552,14.817
BATCH_00939,66.95,9.22,204.57,2671.1,2.6763,59.27,0.9261,115.25,18.65,0.5056,99.8,95.07,28.832,3.323
BATCH_00940,60.49,11.72,145.0,2409.7,2.8138,61.06,0.951,120.87,30.5,0.4592,99.8,97.55,25.064,3.029
BATCH_00941,54.76,14.49,194.68,2671.3,2.8492,49.64,0.9729,122.6,27.47,0.4788,99.8,94.57,30.498,3.739
BATCH_00942,71.98,11.57,174.86,3089.4,2.7159,47.88,0.9571,142.91,29.72,0.4568,99.8,98.28,29.227,4.177
BATCH_00943,70.2,13.78,182.07,3190.0,2.7263,53.23,0.9503,454.24,25.57,0.4653,99.8,95.43,31.213,14.178
BATCH_00944,64.21,12.12,161.8,3088.1,2.7736,56.93,0.9294,46.59,15.63,0.4773,99.8,97.58,30.056,1.4
BATCH_00945,79.77,13.15,223.7,2261.7,2.7937,48.86,0.9394,87.18,30.14,0.5036,97.96,93.4,30.208,2.634
BATCH_00946,56.44,10.2,206.0,3124.9,2.7284,45.07,0.9279,65.32,20.55,0.4924,99.8,96.8,31.71,2.071
BATCH_00947,52.8,12.67,161.51,2248.4,2.831,50.83,0.9838,124.38,20.87,0.4694,99.8,97.4,28.219,3.51
BATCH_00948,59.46,6.52,146.63,3069.4,2.762,61.47,0.9307,449.59,24.63,0.4786,99.8,97.39,26.093,11.731
BATCH_00949,64.64,12.13,170.36,2689.7,2.7401,56.81,0.967,127.08,29.51,0.4942,99.8,95.42,27.16,3.452
BATCH_00950,66.95,9.24,190.86,3010.8,2.7793,51.82,0.9471,96.03,28.21,0.504,99.8,95.14,29.596,2.842
BATCH_00951,63.07,14.91,186.01,2400.3,2.8406,48.27,0.9379,486.58,27.63,0.417,99.8,95.92,30.519,14.85
BATCH_00952,67.82,14.05,211.33,3151.4,2.8089,51.05,0.9705,137.91,22.75,0.4351,99.8,94.7,33.427,4.61
BATCH_00953,54.99,13.43,199.75,2360.5,2.658,47.89,0.9561,88.62,22.69,0.5229,99.8,96.24,31.216,2.766
BATCH_00954,76.55,15.54,204.24,2599.5,2.7165,46.81,0.9516,473.64,25.38,0.4766,99.8,94.44,32.359,15.327
BATCH_00955,64.34,10.6,188.17,2500.6,2.7441,60.41,0.9668,120.0,23.48,0.4626,99.8,97.08,26.601,3.192
BATCH_00956,73.94,15.99,145.27,2273.7,2.7129,61.96,0.9588,164.79,27.56,0.4694,99.8,95.43,28.028,4.619
BATCH_00957,67.74,14.36,175.11,2828.4,2.79,47.79,0.944,162.49,27.32,0.4699,99.8,94.26,31.022,5.041
BATCH_00958,68.65,12.03,206.5,3341.8,2.8153,45.93,0.9642,401.56,26.37,0.5032,99.8,97.4,34.242,13.75
BATCH_00959,69.56,14.77,178.71,3600.0,2.7963,50.61,0.9729,537.5,13.9,0.437,99.8,96.18,35.51,19.087
BATCH_00960,68.58,10.29,192.58,2829.1,2.8479,52.85,0.9221,526.88,24.51,0.4828,99.8,96.03,30.296,15.962
BATCH_00961,70.14,10.85,172.03,3135.0,2.7045,48.48,0.9568,108.69,23.56,0.4921,99.8,97.09,30.48,3.313
BATCH_00962,75.63,11.28,154.25,2869.6,2.825,50.12,0.9246,100.81,24.67,0.4985,99.8,96.57,28.99,2.923
BATCH_00963,66.57,11.44,176.92,2949.7,2.8033,48.41,0.9347,66.4,20.98,0.492,99.8,95.24,29.811,1.979
BATCH_00964,70.67,10.39,187.73,2697.4,2.7224,58.16,0.9643,494.11,18.7,0.5042,99.8,95.55,27.822,13.747
BATCH_00965,64.28,14.95,163.61,2858.5,2.7968,57.11,0.9884,539.1,25.85,0.4611,99.8,94.89,30.616,16.505
BATCH_00966,76.52,11.98,174.11,2961.2,2.6708,55.79,0.9897,122.41,22.57,0.4468,99.8,93.81,30.137,3.689
BATCH_00967,59.59,13.21,156.51,2626.5,2.8079,51.58,0.9255,62.52,26.3,0.5832,99.8,96.58,28.202,1.763
BATCH_00968,79.41,11.36,207.98,2776.8,2.7565,60.45,0.9531,124.25,21.32,0.4733,99.26,94.28,31.702,3.939
BATCH_00969,64.68,8.86,172.64,2782.5,2.7085,61.48,0.9661,59.22,29.66,0.4784,99.8,96.76,28.401,1.682
BATCH_00970,53.55,13.04,216.32,3047.9,2.7812,47.95,0.9316,147.2,28.0,0.5134,99.8,97.28,32.202,4.74
BATCH_00971,66.02,8.68,218.22,2480.2,2.7783,48.79,0.9805,133.05,25.19,0.5506,99.8,96.77,30.13,4.009
BATCH_00972,59.55,12.36,177.97,2784.5,2.6919,53.94,0.9788,113.03,23.15,0.4654,99.8,96.86,29.409,3.324
BATCH_00973,71.73,9.76,154.79,3373.6,2.6561,46.55,0.9914,510.05,27.41,0.4477,99.78,93.92,28.728,14.653
BATCH_00974,59.78,16.47,127.85,3149.2,2.7367,52.42,0.9207,95.55,25.57,0.4384,99.8,95.69,31.489,3.009
BATCH_00975,61.43,14.32,143.2,3204.8,2.7639,54.89,0.9371,121.81,24.95,0.5522,99.8,96.96,31.166,3.796
BATCH_00976,49.88,12.71,145.65,2807.3,2.8253,53.88,0.9853,517.58,28.17,0.4474,99.8,94.83,29.719,15.382
BATCH_00977,61.38,15.03,214.46,2896.3,2.8356,50.63,0.973,525.22,29.71,0.4883,99.8,96.09,32.815,17.235
BATCH_00978,45.61,10.81,182.9,3100.7,2.7558,54.22,0.9907,454.91,18.99,0.4508,99.79,96.52,28.856,13.127
BATCH_00979,52.33,13.59,189.74,3268.1,2.8008,61.3,0.9245,119.43,19.8,0.4324,99.8,96.44,32.392,3.869
BATCH_00980,71.08,12.9,124.49,2214.5,2.7379,48.5,0.9672,561.68,20.88,0.4791,99.8,96.37,25.708,14.44
BATCH_00981,71.29,13.03,150.05,2405.4,2.7992,56.13,0.965,492.45,17.99,0.4537,99.8,96.6,26.28,12.941
BATCH_00982,68.4,15.04,202.18,3192.8,2.691,45.74,0.9228,91.9,23.75,0.464,99.8,96.18,32.856,3.02
BATCH_00983,57.26,13.96,187.17,2716.9,2.7242,46.13,0.9606,521.36,26.4,0.5724,99.8,94.54,31.578,16.463
BATCH_00984,64.62,13.08,176.32,2598.5,2.7768,54.38,0.9682,72.1,23.91,0.5096,99.8,96.51,28.326,2.042
BATCH_00985,64.97,9.19,194.12,2423.8,2.6536,46.78,0.9351,157.76,21.86,0.5303,99.8,96.28,27.995,4.416
BATCH_00986,55.73,10.58,220.89,2633.5,2.7945,45.38,0.9416,113.84,28.51,0.5265,99.8,94.55,30.371,3.457
BATCH_00987,77.03,12.25,174.47,2379.3,2.8171,47.92,0.9706,506.74,24.56,0.4899,99.8,96.41,28.356,14.369
BATCH_00988,72.02,12.69,181.73,3427.3,2.7298,54.6,0.957,370.35,25.37,0.4768,99.8,96.53,31.554,11.686
BATCH_00989,63.23,10.24,184.81,2793.3,2.7396,56.96,0.9878,447.04,28.62,0.5048,99.8,94.62,30.195,13.498
BATCH_00990,65.22,17.32,239.8,2782.6,2.8203,48.44,0.947,128.68,23.51,0.502,99.47,95.18,35.476,4.565
BATCH_00991,66.67,15.53,127.52,2976.4,2.8051,56.36,0.9411,186.2,32.24,0.473,99.8,95.44,30.251,5.633
BATCH_00992,48.67,13.7,197.08,3088.7,2.7076,48.1,0.9978,529.57,22.21,0.5014,99.8,95.44,33.545,17.764
BATCH_00993,63.02,12.64,177.13,3083.8,2.7148,55.43,0.992,108.37,31.99,0.4684,99.8,96.29,30.054,3.257
BATCH_00994,59.54,12.08,194.17,3122.1,2.7858,52.0,0.9223,457.05,20.1,0.4902,99.8,95.02,32.529,14.868
BATCH_00995,56.99,10.6,163.57,2610.7,2.7626,56.11,0.9809,110.18,26.07,0.4841,99.8,97.13,26.279,2.895
BATCH_00996,62.75,12.65,178.78,2710.6,2.6824,61.92,0.9287,82.45,21.43,0.4472,99.8,97.05,28.341,2.337
BATCH_00997,79.38,13.02,197.79,3030.7,2.712,60.94,0.9222,121.0,28.48,0.4044,97.71,94.52,33.153,4.011
BATCH_00998,70.13,10.02,257.82,2641.8,2.83,45.07,0.9416,139.59,22.09,0.4613,99.8,96.04,32.688,4.563
BATCH_00999,60.43,13.17,200.2,2798.5,2.7876,60.05,0.9413,104.67,25.16,0.5715,99.8,96.94,33.601,3.517
BATCH_01000,69.58,12.19,158.8,2919.6,2.8472,46.13,0.9847,99.82,21.4,0.4874,99.8,95.72,28.991,2.894
BATCH_01001,76.19,8.68,169.41,3035.6,2.8034,61.2,0.9761,157.9,27.75,0.5313,99.8,94.7,28.779,4.544
BATCH_01002,72.4,10.78,168.66,2266.7,2.8384,49.79,0.9975,84.34,21.38,0.4157,99.8,97.19,26.373,2.224
BATCH_01003,65.48,11.67,135.11,3014.4,2.6932,51.49,0.9762,68.3,30.73,0.4608,99.8,96.32,28.024,1.914
BATCH_01004,59.82,16.28,171.75,2729.9,2.8043,46.56,0.953,91.18,20.02,0.4474,99.8,95.32,30.498,2.781
BATCH_01005,70.59,13.61,198.32,3012.2,2.654,46.91,0.9752,81.49,18.62,0.4939,99.8,95.58,31.719,2.585
BATCH_01006,68.15,9.83,148.14,3033.1,2.7842,57.35,0.999,129.66,27.81,0.5994,99.8,95.26,28.849,3.74
BATCH_01007,72.16,13.47,206.21,3282.4,2.7439,61.05,0.9761,110.98,21.63,0.5213,99.8,98.02,33.16,3.68
BATCH_01008,70.08,9.41,192.19,3206.0,2.7194,55.38,0.9802,521.87,23.97,0.5712,99.8,96.0,30.287,15.806
BATCH_01009,73.4,14.67,161.64,3204.0,2.8225,57.17,0.9941,434.77,22.71,0.4936,99.8,96.16,32.243,14.019
BATCH_01010,60.72,11.56,176.46,3233.1,2.8209,57.95,0.929,536.24,18.75,0.5589,99.8,96.72,31.476,16.879
BATCH_01011,75.54,12.31,219.96,2887.4,2.6545,49.47,0.9757,139.38,23.69,0.5877,99.62,94.53,33.684,4.695
BATCH_01012,66.58,15.15,198.34,2809.7,2.7719,45.77,0.9872,157.78,29.06,0.5008,99.8,97.1,32.152,5.073
BATCH_01013,81.6,9.93,180.22,3061.8,2.7236,45.03,0.9954,108.61,28.01,0.4841,98.78,92.22,29.233,3.175
BATCH_01014,59.49,9.71,174.06,3019.6,2.7331,50.96,0.9367,138.43,24.93,0.4534,99.8,97.83,29.244,4.048
BATCH_01015,78.89,11.33,181.92,2707.3,2.8164,49.1,0.9598,113.95,28.45,0.4942,98.59,93.82,28.532,3.251
BATCH_01016,66.58,14.58,167.21,2921.4,2.712,46.06,0.9738,491.44,19.76,0.5103,99.8,97.04,30.611,15.043
BATCH_01017,59.79,9.46,127.38,2789.5,2.8386,48.05,0.9395,80.71,22.7,0.5887,99.73,93.5,25.905,2.091
BATCH_01018,61.13,6.84,231.05,2543.8,2.6859,47.12,0.9674,78.86,25.58,0.4561,99.8,94.82,28.17,2.222
BATCH_01019,62.44,11.6,183.88,3187.1,2.7825,60.55,0.9403,110.22,23.48,0.5107,99.8,95.71,32.866,3.622
BATCH_01020,68.39,13.6,189.95,2816.6,2.7844,47.38,0.9463,478.14,23.01,0.4362,99.8,93.97,29.753,14.226
BATCH_01021,69.18,14.9,178.55,3414.6,2.7004,54.14,0.9549,107.08,19.2,0.4922,99.8,96.6,34.768,3.723
BATCH_01022,60.41,11.57,161.62,2312.4,2.715,55.08,0.9618,114.51,15.67,0.5221,99.8,96.31,27.487,3.148
BATCH_01023,64.81,11.68,175.35,2633.0,2.817,54.24,0.9555,138.0,27.27,0.5306,99.8,95.01,30.23,4.172
BATCH_01024,82.14,14.81,140.02,2809.8,2.8024,46.68,0.959,109.81,24.97,0.5341,96.78,92.56,32.119,3.527
BATCH_01025,78.82,8.76,236.93,3141.2,2.7158,50.42,0.9436,99.4,27.61,0.5269,97.82,94.97,33.654,3.345
BATCH_01026,68.49,11.72,149.14,2919.8,2.7568,45.87,0.9326,111.21,22.25,0.5347,99.8,93.9,29.605,3.292
BATCH_01027,65.3,12.88,154.2,2893.1,2.6623,51.73,0.9237,100.77,21.15,0.5138,99.55,94.73,28.442,2.866
BATCH_01028,65.96,13.4,168.99,2461.8,2.6917,48.21,0.9355,96.65,24.03,0.4705,99.44,95.66,27.552,2.663
BATCH_01029,69.91,11.48,212.2,2452.9,2.7472,54.55,0.966,79.67,27.42,0.4388,99.8,96.02,29.685,2.365
BATCH_01030,56.82,12.57,180.36,2896.8,2.6672,56.78,0.9821,502.8,23.07,0.4914,99.8,95.94,29.144,14.654
BATCH_01031,62.94,7.52,149.1,2390.8,2.8187,54.05,0.9334,480.81,27.21,0.5083,99.8,96.89,24.827,11.937
BATCH_01032,51.65,11.18,211.36,2640.4,2.7936,52.38,0.9286,476.97,19.97,0.5643,99.8,96.48,29.054,13.858
BATCH_01033,68.19,13.41,198.28,2950.3,2.8387,51.58,0.9792,495.16,23.35,0.5106,99.8,96.7,33.106,16.393
BATCH_01034,70.18,10.54,193.46,2505.3,2.7887,59.31,0.9441,440.87,23.72,0.5072,99.8,94.61,28.353,12.5
BATCH_01035,61.13,12.62,197.89,3281.6,2.8381,48.73,0.9952,442.95,28.91,0.531,99.8,96.14,33.303,14.751
BATCH_01036,77.59,13.39,239.86,3167.2,2.7609,57.48,0.9764,96.51,24.83,0.5052,99.04,94.45,34.49,3.329
BATCH_01037,55.19,11.81,234.63,2328.6,2.77,57.88,0.9458,399.48,30.98,0.5489,99.8,97.46,29.396,11.743
BATCH_01038,53.29,12.84,162.83,2520.3,2.8454,52.13,0.9429,363.58,18.61,0.5961,99.77,96.17,29.933,10.883
BATCH_01039,66.8,10.57,220.6,2114.3,2.7784,50.05,0.9614,86.29,24.52,0.605,99.8,95.33,30.128,2.6
BATCH_01040,73.38,12.09,189.58,2565.2,2.6562,53.0,0.9263,158.68,24.72,0.5217,99.8,96.85,29.296,4.649
BATCH_01041,78.47,13.72,192.48,3029.9,2.7948,46.58,0.9293,124.28,26.48,0.5317,98.75,94.9,33.047,4.107
BATCH_01042,61.33,12.81,137.69,2675.8,2.8311,45.78,0.9339,123.34,20.75,0.5818,99.8,95.18,27.891,3.44
BATCH_01043,73.63,11.33,175.74,2938.2,2.8091,46.9,0.9812,77.59,30.74,0.5131,99.8,95.65,30.147,2.339
BATCH_01044,64.69,12.95,159.68,2343.3,2.7668,48.18,0.9606,474.2,24.05,0.5468,99.8,95.67,28.424,13.479
BATCH_01045,63.62,13.93,200.7,3039.4,2.7843,53.57,0.9208,489.42,19.65,0.4746,99.8,97.23,33.151,16.225
BATCH_01046,72.07,8.4,206.78,2633.5,2.848,59.44,0.9732,399.21,23.94,0.5081,99.8,96.2,29.728,11.868
BATCH_01047,70.22,14.82,128.14,2803.7,2.6681,49.01,0.9535,498.79,22.75,0.5672,99.8,96.73,29.626,14.777
BATCH_01048,52.39,11.83,179.45,2772.1,2.7834,60.9,0.9604,91.76,35.13,0.4927,99.8,95.51,29.594,2.716
BATCH_01049,76.81,13.35,208.05,2418.5,2.7067,61.23,0.9369,598.21,28.2,0.5167,99.39,95.46,29.946,17.914
BATCH_01050,76.04,14.89,175.33,2454.1,2.778,61.3,0.9636,362.02,24.2,0.4593,99.8,96.8,29.129,10.546
BATCH_01051,60.0,9.76,198.23,3090.3,2.7715,59.24,0.9974,521.61,23.55,0.603,99.8,95.64,32.044,16.714
BATCH_01052,68.17,11.08,188.78,2919.7,2.6807,51.19,0.9258,91.97,27.8,0.5737,99.8,96.12,29.555,2.718
BATCH_01053,68.95,11.92,188.54,3115.0,2.6913,46.24,0.9424,387.23,28.0,0.5312,99.8,94.64,32.583,12.617
BATCH_01054,67.09,10.93,173.22,2897.4,2.7743,54.67,0.9392,141.9,12.35,0.5444,99.8,95.23,29.395,4.171
BATCH_01055,60.6,15.97,149.59,2842.9,2.6756,54.5,0.9396,472.49,26.57,0.5404,99.8,95.67,30.226,14.281
BATCH_01056,59.63,10.79,151.96,2282.2,2.703,59.45,0.9499,506.69,24.11,0.5804,99.8,94.94,25.373,12.856
BATCH_01057,64.8,11.39,197.73,2718.9,2.817,61.93,0.9846,537.49,18.76,0.5047,99.78,97.32,30.656,16.477
BATCH_01058,74.38,12.91,180.49,2791.8,2.7154,53.64,0.9921,139.53,27.52,0.5552,99.8,95.16,30.673,4.28
BATCH_01059,69.35,10.1,176.54,3385.9,2.7476,50.87,0.936,416.56,32.98,0.5694,99.8,96.79,32.727,13.633
BATCH_01060,62.04,11.71,169.4,3006.1,2.8382,48.16,0.9629,136.13,26.23,0.5754,99.8,96.19,29.469,4.012
BATCH_01061,71.17,13.13,172.37,3260.8,2.6954,45.08,0.9703,141.1,28.4,0.4369,99.8,96.03,31.044,4.38
BATCH_01062,42.21,11.83,206.17,2979.3,2.7279,53.65,0.9612,111.22,31.22,0.5037,99.7,97.49,31.738,3.53
BATCH_01063,74.19,12.31,171.62,2586.6,2.7713,54.44,0.9543,450.46,20.68,0.4874,99.8,93.74,28.061,12.64
BATCH_01064,51.08,11.44,146.47,2835.1,2.8011,59.02,0.9352,428.06,16.57,0.5346,99.1,95.8,28.246,12.091
BATCH_01065,62.1,9.47,198.59,2870.9,2.8303,53.58,0.9586,461.67,26.63,0.4484,99.8,94.92,29.634,13.681
BATCH_01066,56.04,13.14,174.88,2518.3,2.8331,60.58,0.9517,116.99,23.01,0.4477,99.8,94.04,29.124,3.407
BATCH_01067,54.64,16.01,180.78,2684.7,2.8053,55.68,0.9828,96.95,18.5,0.6167,99.8,94.81,33.53,3.251
BATCH_01068,74.29,12.54,220.19,2738.3,2.6957,59.29,0.9803,102.1,23.69,0.5551,99.8,96.02,31.214,3.187
BATCH_01069,61.26,12.95,179.49,3281.7,2.655,47.52,0.9306,123.17,26.91,0.5357,99.8,95.27,32.76,4.035
BATCH_01070,67.77,13.89,187.23,2175.8,2.7268,59.54,0.927,138.83,23.4,0.5458,99.8,96.9,28.501,3.957
BATCH_01071,64.62,9.96,150.53,3161.7,2.6783,56.48,0.9917,86.6,20.85,0.5376,99.8,95.79,29.324,2.54
BATCH_01072,68.82,15.91,174.51,2519.0,2.7921,47.89,0.9623,448.28,23.11,0.5721,99.8,95.68,31.348,14.053
BATCH_01073,65.61,12.9,195.24,2388.4,2.7822,48.23,0.9878,127.72,23.92,0.5073,99.8,95.68,28.706,3.666
BATCH_01074,54.74,15.76,141.12,3154.0,2.6588,60.75,0.9246,489.72,16.28,0.5406,99.8,95.9,30.872,15.119
BATCH_01075,72.97,11.03,185.02,3019.6,2.8173,45.55,0.9616,117.57,23.43,0.5426,99.8,95.58,31.151,3.662
BATCH_01076,61.05,16.14,182.52,3176.4,2.6997,52.86,0.9626,463.82,18.62,0.4921,99.8,95.15,33.655,15.61
BATCH_01077,52.55,14.05,181.03,3040.2,2.7364,50.33,0.988,346.58,26.64,0.5855,99.8,96.99,32.336,11.207
BATCH_01078,61.58,13.61,205.93,3418.0,2.7836,56.31,0.9277,145.44,17.76,0.5171,99.8,95.38,35.112,5.107
BATCH_01079,77.01,12.97,188.36,2967.6,2.7359,59.27,0.939,119.8,28.05,0.576,99.8,94.65,32.534,3.898
BATCH_01080,71.8,12.0,216.95,2753.1,2.7383,51.13,0.9521,405.06,22.36,0.5404,99.8,96.43,31.35,12.699
BATCH_01081,62.21,14.9,155.16,2902.9,2.6631,52.26,0.9884,399.91,21.83,0.6016,99.8,96.32,30.545,12.215
BATCH_01082,62.21,12.78,183.4,3173.0,2.7303,61.69,0.9942,124.89,25.18,0.495,99.8,95.11,30.887,3.857
BATCH_01083,62.43,8.57,182.11,2566.2,2.803,58.33,0.9984,99.9,20.54,0.4938,99.8,96.75,27.175,2.715
BATCH_01084,81.61,10.27,153.27,2604.4,2.833,60.25,0.9958,150.41,25.11,0.5014,98.65,93.36,25.677,3.862
BATCH_01085,68.06,12.13,203.91,2707.3,2.7327,52.46,0.9205,99.16,21.07,0.5434,99.8,96.18,31.105,3.084
BATCH_01086,68.44,13.12,238.12,2168.6,2.7347,48.98,0.9238,470.01,21.77,0.6002,99.8,95.57,32.452,15.253
BATCH_01087,73.24,12.39,179.57,2841.4,2.7905,52.0,0.9317,112.13,25.62,0.6027,99.8,95.59,30.585,3.429
BATCH_01088,66.91,14.94,192.63,2234.2,2.8386,57.17,0.9476,111.15,19.45,0.447,99.6,95.8,29.011,3.225
BATCH_01089,62.93,8.6,182.11,2815.9,2.7034,46.86,0.9856,138.06,18.94,0.5498,99.8,94.77,30.127,4.159
BATCH_01090,63.43,12.79,162.16,3059.6,2.738,49.6,0.9905,445.21,24.99,0.4118,99.8,95.96,31.051,13.824
BATCH_01091,64.43,8.86,134.48,2656.9,2.8092,45.79,0.9348,154.85,23.89,0.5725,99.8,96.89,25.189,3.9
BATCH_01092,64.7,14.02,162.36,3303.1,2.7719,52.35,0.969,99.54,24.67,0.5859,99.8,96.88,32.727,3.258
BATCH_01093,70.82,12.31,145.2,2361.8,2.6721,59.07,0.9925,124.23,25.31,0.54,99.63,95.62,27.047,3.36
BATCH_01094,65.42,13.34,222.6,3157.4,2.7755,45.42,0.9566,100.61,24.23,0.5455,99.69,97.06,34.582,3.479
BATCH_01095,70.86,10.77,177.12,3002.5,2.6873,56.48,0.9282,130.52,26.43,0.5455,99.8,97.91,31.609,4.126
BATCH_01096,64.35,15.06,171.35,2285.2,2.752,60.85,0.9562,119.6,24.39,0.5116,99.8,95.68,29.135,3.485
BATCH_01097,65.63,14.58,202.23,3600.0,2.7558,49.03,0.9497,523.75,15.97,0.5607,99.8,96.69,36.124,18.92
BATCH_01098,49.01,13.67,151.96,2780.9,2.8252,56.79,0.9656,498.29,17.01,0.5346,99.8,93.74,30.037,14.967
BATCH_01099,72.33,12.24,160.83,2536.8,2.7425,61.58,0.9547,103.64,31.71,0.5816,99.8,94.74,29.449,3.052
BATCH_01100,67.77,13.66,181.7,2377.9,2.7059,61.36,0.9214,134.66,24.0,0.5403,99.8,96.09,30.143,4.059
BATCH_01101,72.98,11.09,205.72,2734.0,2.6962,48.99,0.9985,546.3,27.8,0.5108,99.8,94.99,30.885,16.873
BATCH_01102,41.83,14.21,192.54,2761.8,2.8249,46.71,0.9629,122.82,22.62,0.4843,99.8,98.04,30.154,3.703
BATCH_01103,81.71,15.8,186.21,2830.8,2.6842,47.52,0.9574,416.38,23.77,0.4716,97.65,93.38,31.734,13.213
BATCH_01104,63.88,14.64,181.95,2710.7,2.7352,56.93,0.9954,447.84,22.19,0.5991,99.8,96.97,32.299,14.465
BATCH_01105,73.87,11.04,190.01,2990.0,2.6874,57.34,0.9323,117.95,33.86,0.5287,99.8,95.97,30.986,3.655
BATCH_01106,56.68,13.22,185.04,2683.7,2.8047,56.46,0.9349,165.37,25.01,0.561,99.8,95.0,31.347,5.184
BATCH_01107,69.9,9.91,154.25,2219.5,2.7449,50.71,0.9838,438.83,21.86,0.6193,98.96,95.48,27.413,12.03
BATCH_01108,56.57,13.64,181.15,2755.2,2.7202,47.89,0.9406,161.37,17.39,0.5259,99.8,96.25,29.832,4.814
BATCH_01109,60.01,13.4,153.16,2089.8,2.7222,54.87,0.9831,125.51,31.89,0.5238,99.8,95.36,27.479,3.449
BATCH_01110,80.31,8.76,182.03,2906.1,2.8204,53.22,0.9415,110.32,23.35,0.544,98.36,94.12,28.67,3.163
BATCH_01111,63.47,10.18,167.98,2506.2,2.7608,57.39,0.9226,455.11,26.98,0.5509,99.8,96.71,28.181,12.825
BATCH_01112,66.74,11.93,243.48,2849.0,2.7936,52.5,0.9608,130.93,27.42,0.6257,99.8,96.0,33.969,4.447
BATCH_01113,71.96,11.9,179.0,3194.2,2.8294,50.76,0.9355,487.79,22.15,0.6133,99.8,94.17,33.761,16.468
BATCH_01114,68.97,10.08,144.89,2515.4,2.8303,49.99,0.9799,515.01,26.69,0.5759,99.8,97.71,26.53,13.663
BATCH_01115,66.2,13.28,176.65,3118.4,2.7157,48.59,0.9707,112.69,21.58,0.6095,99.8,95.79,31.837,3.588
BATCH_01116,67.92,13.0,192.98,2670.0,2.8405,49.52,0.993,70.27,20.04,0.5449,99.8,98.71,31.142,2.188
BATCH_01117,84.23,12.11,221.83,3326.0,2.655,46.61,0.9819,452.65,28.66,0.5644,95.99,92.22,34.783,15.744
BATCH_01118,64.54,10.99,165.26,2690.5,2.7254,50.9,0.9343,147.37,23.37,0.5408,99.8,95.79,29.311,4.32
BATCH_01119,66.61,14.6,140.44,2547.9,2.8292,45.62,0.9832,165.95,26.07,0.5017,99.8,96.45,28.618,4.749
BATCH_01120,73.41,15.81,200.42,3006.2,2.7049,48.17,0.9707,130.55,25.64,0.602,99.8,93.98,36.371,4.748
BATCH_01121,73.84,11.53,145.49,2669.3,2.7046,57.7,0.9728,113.78,26.55,0.5755,99.65,97.03,27.754,3.158
BATCH_01122,74.5,11.28,169.1,2547.6,2.7105,50.53,0.9857,423.37,17.77,0.5554,99.8,98.57,28.189,11.934
BATCH_01123,70.11,13.48,173.56,2656.6,2.7725,56.36,0.9653,141.25,21.66,0.5551,99.8,93.91,29.62,4.184
BATCH_01124,55.86,11.78,178.26,2786.6,2.7377,57.19,0.9568,500.57,22.7,0.4954,99.8,95.71,29.633,14.833
BATCH_01125,78.07,12.22,197.23,3202.7,2.7953,54.88,0.9703,118.88,20.67,0.517,98.92,94.42,32.735,3.892
BATCH_01126,55.83,13.98,162.91,2219.8,2.829,61.3,0.9435,371.32,25.72,0.5699,99.8,96.88,28.41,10.549
BATCH_01127,67.42,8.68,173.16,2806.9,2.7848,45.36,0.9344,470.18,28.75,0.5358,99.8,98.11,28.052,13.19
BATCH_01128,58.97,15.14,179.64,2987.5,2.6909,57.56,0.9687,133.44,29.38,0.5487,99.8,96.38,32.084,4.281
BATCH_01129,64.49,12.65,183.74,2858.0,2.8365,61.3,0.9385,427.5,22.64,0.5537,99.8,98.14,30.257,12.935
BATCH_01130,67.63,11.68,182.45,3193.0,2.7029,59.66,0.9263,433.96,25.17,0.531,99.8,96.17,31.273,13.571
BATCH_01131,67.57,12.32,190.9,2777.7,2.68,47.85,0.92,134.7,25.78,0.52,99.8,96.45,31.521,4.246
BATCH_01132,68.38,12.42,201.1,2744.6,2.668,50.56,0.9681,134.63,26.49,0.4947,99.8,96.33,31.961,4.303
BATCH_01133,77.91,9.04,189.82,2977.7,2.7627,47.93,0.9486,123.46,20.49,0.5538,99.48,95.82,29.76,3.674
BATCH_01134,68.63,15.49,191.34,2829.8,2.6728,55.22,0.9794,406.88,31.28,0.5848,99.8,95.58,32.196,13.1
BATCH_01135,63.05,12.58,140.44,2682.9,2.6778,57.11,0.9496,448.05,27.71,0.4948,99.8,96.82,27.616,12.373
BATCH_01136,72.71,13.39,181.26,2954.8,2.71,50.39,0.9584,419.26,27.81,0.56,99.8,94.77,33.335,13.976
BATCH_01137,74.52,14.4,191.99,2604.2,2.7063,54.17,0.9522,105.27,28.81,0.5727,99.8,95.72,32.22,3.392
BATCH_01138,55.18,10.46,198.22,2616.6,2.7708,56.75,0.9714,98.01,26.14,0.5223,99.8,95.36,29.791,2.92
BATCH_01139,69.78,13.45,162.69,2641.6,2.8133,52.16,0.9481,436.61,19.89,0.6192,99.8,96.09,30.668,13.39
BATCH_01140,70.61,11.96,163.52,3205.9,2.8023,59.52,0.9961,468.48,23.44,0.5474,99.8,95.68,32.171,15.072
BATCH_01141,62.62,14.19,165.65,1833.7,2.7025,58.12,0.994,392.14,17.4,0.5592,99.8,97.13,25.9,10.156
BATCH_01142,76.01,8.25,193.41,2918.7,2.6991,46.1,0.987,426.61,25.66,0.5573,99.8,94.64,29.051,12.394
BATCH_01143,63.8,12.3,205.85,2810.3,2.8432,55.56,0.9927,494.02,23.32,0.4933,99.8,94.27,30.878,15.255
BATCH_01144,66.0,11.29,169.81,2295.7,2.6516,49.0,0.9555,115.36,23.84,0.605,99.8,94.64,28.099,3.242
BATCH_01145,63.62,13.36,202.7,2892.9,2.8259,54.48,0.9624,371.07,28.82,0.5268,99.8,96.99,32.387,12.018
BATCH_01146,65.12,13.44,183.09,2942.7,2.6899,61.27,0.9786,142.1,22.17,0.556,99.76,95.03,32.313,4.592
BATCH_01147,56.23,11.08,176.89,2976.9,2.8395,59.94,0.975,160.23,22.99,0.5899,99.8,96.4,30.093,4.822
BATCH_01148,53.48,11.08,174.72,2004.5,2.7185,51.88,0.9904,432.28,24.09,0.6248,99.8,95.71,27.82,12.026
BATCH_01149,77.76,12.28,198.67,3209.9,2.7381,49.96,0.9766,112.05,16.64,0.5237,99.37,95.5,32.67,3.661
BATCH_01150,58.22,10.71,188.14,2578.7,2.7914,48.98,0.9988,113.35,22.94,0.5494,99.8,95.77,29.559,3.35
BATCH_01151,57.07,14.18,236.9,3006.0,2.7675,54.05,0.9475,466.92,14.06,0.6231,99.8,98.76,36.44,17.015
BATCH_01152,47.77,11.76,158.69,3022.3,2.7136,46.94,0.9858,107.87,21.66,0.5868,99.8,97.9,31.003,3.344
BATCH_01153,59.89,6.69,192.95,2537.0,2.7608,54.34,0.9751,514.87,27.42,0.5955,99.8,95.68,27.521,14.17
BATCH_01154,54.42,11.75,166.77,2998.1,2.7961,45.02,0.9746,113.03,25.79,0.5271,99.8,95.55,30.679,3.468
BATCH_01155,78.14,10.42,158.27,2684.4,2.6585,50.51,0.9457,81.38,21.62,0.5544,98.9,97.63,29.207,2.377
BATCH_01156,73.08,9.24,179.73,2178.6,2.6522,48.74,0.9821,191.85,24.16,0.5633,99.8,94.92,26.7,5.122
BATCH_01157,59.49,10.03,183.43,3150.3,2.7416,61.51,0.9911,126.65,19.7,0.5361,99.8,95.94,30.021,3.802
BATCH_01158,83.02,12.72,252.95,2567.5,2.6764,57.36,0.9373,122.79,23.99,0.5039,97.83,92.17,33.443,4.107
BATCH_01159,72.85,15.16,175.4,2543.7,2.7829,50.94,0.9694,92.55,35.72,0.5509,99.8,96.0,30.58,2.83
BATCH_01160,62.4,13.13,151.75,2679.1,2.6928,46.58,0.951,126.52,31.38,0.626,99.8,94.26,27.495,3.479
BATCH_01161,45.0,11.29,186.83,2881.7,2.7366,53.79,0.9982,477.2,24.21,0.5746,99.8,96.5,30.992,14.789
BATCH_01162,83.33,13.41,128.13,2782.8,2.6895,48.63,0.9578,72.79,24.64,0.6277,96.67,91.03,28.864,2.101
BATCH_01163,53.88,11.58,177.7,2964.4,2.7597,54.12,0.938,435.49,20.08,0.5803,99.8,97.44,31.617,13.769
BATCH_01164,51.84,11.11,180.4,2398.2,2.6732,59.2,0.9502,482.19,20.79,0.543,99.8,94.54,27.468,13.245
BATCH_01165,73.18,10.19,199.87,2577.3,2.6546,55.47,0.9717,168.6,25.45,0.6252,99.8,96.06,28.597,4.821
BATCH_01166,84.52,9.0,204.34,2765.2,2.6602,55.77,0.926,497.03,21.9,0.583,96.69,89.22,30.0,14.911
BATCH_01167,76.07,11.72,167.41,3369.4,2.8409,54.2,0.9677,469.7,27.62,0.6134,99.8,93.33,32.39,15.214
BATCH_01168,69.51,12.82,176.23,2765.9,2.6785,60.76,0.9936,116.11,30.28,0.5327,99.8,95.16,30.248,3.512
BATCH_01169,69.76,12.31,160.85,3125.6,2.7917,60.84,0.9872,515.84,25.33,0.6174,99.8,95.3,31.138,16.062
BATCH_01170,71.83,11.67,151.8,2811.6,2.6636,53.72,0.9253,474.39,24.41,0.6191,99.8,97.47,28.228,13.391
BATCH_01171,71.07,10.61,187.75,2654.9,2.6716,50.2,0.9985,161.57,17.28,0.5884,99.8,95.96,29.378,4.747
BATCH_01172,67.25,13.72,148.16,2726.0,2.7518,52.81,0.9752,152.53,26.99,0.5449,99.8,97.29,28.891,4.407
BATCH_01173,65.83,9.87,169.63,2749.5,2.743,48.17,0.9328,93.34,19.43,0.5758,99.8,95.62,29.342,2.739
BATCH_01174,64.5,14.05,155.12,2981.1,2.8403,55.82,0.921,118.33,22.33,0.6026,99.53,96.61,31.395,3.715
BATCH_01175,58.97,10.5,193.74,3212.4,2.839,53.5,0.9335,126.94,27.84,0.5879,99.46,95.27,31.734,4.028
BATCH_01176,62.75,11.0,225.04,2907.9,2.8059,46.76,0.9862,113.51,28.12,0.6031,99.8,95.21,34.046,3.865
BATCH_01177,51.46,9.57,147.46,3156.1,2.7704,48.36,0.9217,129.7,22.13,0.62,99.8,94.18,28.914,3.75
BATCH_01178,64.21,11.5,133.67,2510.6,2.741,53.15,0.9384,140.51,22.36,0.554,99.8,96.34,26.905,3.781
BATCH_01179,57.09,14.45,176.88,2675.6,2.7212,60.09,0.9798,145.07,21.2,0.5342,99.8,96.26,30.592,4.438
BATCH_01180,56.17,13.53,180.39,2582.7,2.8394,54.63,0.9663,542.01,19.21,0.5793,99.8,96.78,31.638,17.148
BATCH_01181,66.44,14.46,185.47,2894.3,2.7706,56.59,0.9818,508.89,21.46,0.5681,99.8,96.21,32.323,16.449
BATCH_01182,76.14,13.54,168.84,2692.3,2.7658,50.76,0.9789,483.54,17.55,0.6131,99.8,97.48,30.514,14.755
BATCH_01183,72.35,10.29,174.98,3018.9,2.6964,54.71,0.924,128.96,26.73,0.5392,99.8,96.18,29.707,3.831
BATCH_01184,52.44,11.84,189.19,2520.7,2.6593,52.61,0.9905,451.91,25.58,0.6234,99.8,96.99,30.066,13.587
BATCH_01185,57.08,10.94,206.01,2812.9,2.839,56.21,0.9379,108.08,26.24,0.6372,99.8,95.68,32.488,3.511
BATCH_01186,72.53,15.16,131.12,3006.1,2.7127,45.86,0.9637,137.17,20.18,0.5835,99.8,95.09,31.136,4.271
BATCH_01187,57.14,10.11,170.78,2180.4,2.7385,53.39,0.9709,137.39,19.22,0.5864,99.8,96.72,26.485,3.639
BATCH_01188,63.2,14.29,185.35,3436.5,2.6729,50.03,0.9333,467.63,24.21,0.5537,99.8,95.91,35.593,16.645
BATCH_01189,69.4,14.29,157.05,2715.1,2.8174,50.55,0.9971,120.17,24.26,0.5632,99.65,96.83,30.691,3.688
BATCH_01190,57.25,16.16,223.28,2192.5,2.6555,61.34,0.9586,492.42,23.41,0.569,99.8,96.35,31.9,15.708
BATCH_01191,65.84,11.68,164.11,2847.4,2.8168,48.11,0.9246,62.96,22.84,0.6435,99.8,95.21,28.903,1.82
BATCH_01192,54.33,13.92,178.97,2810.0,2.6781,50.29,0.994,92.2,30.84,0.5833,99.8,97.07,31.075,2.865
BATCH_01193,60.19,17.06,193.9,2775.4,2.8273,53.67,0.9663,367.88,25.7,0.5338,99.8,95.13,33.697,12.397
BATCH_01194,67.56,11.26,165.22,3097.4,2.796,59.67,0.9752,147.44,31.88,0.5973,99.8,96.63,31.019,4.573
BATCH_01195,52.26,9.43,133.84,3024.2,2.6829,52.08,0.9615,457.97,29.08,0.6206,99.8,97.28,28.939,13.253
BATCH_01196,68.52,8.74,169.28,2889.4,2.7632,57.65,0.9859,107.02,30.81,0.587,99.73,95.62,27.623,2.956
BATCH_01197,64.84,13.93,205.74,2935.0,2.7125,59.56,0.9226,476.37,19.7,0.6472,99.8,97.16,33.31,15.868
BATCH_01198,69.42,8.73,171.58,2768.7,2.6856,50.27,0.9412,475.57,26.37,0.62,99.8,96.4,27.4,13.03
BATCH_01199,66.79,11.76,158.84,3332.6,2.8218,51.68,0.9571,484.94,22.27,0.5474,99.8,96.85,30.029,14.562
BATCH_01200,75.91,13.37,203.14,2356.2,2.7307,51.06,0.9261,496.41,17.35,0.5678,99.8,94.72,29.903,14.844
BATCH_01201,66.0,12.87,171.73,2841.9,2.7297,59.16,0.9758,135.15,29.98,0.5993,99.8,96.21,31.007,4.191
BATCH_01202,61.56,13.35,167.25,2819.5,2.684,45.75,0.9511,83.11,22.83,0.5241,99.8,94.59,30.784,2.558
BATCH_01203,65.98,12.94,183.74,3044.0,2.7266,50.24,0.9415,111.21,19.78,0.6046,99.8,97.71,31.438,3.496
BATCH_01204,69.35,15.06,199.27,2546.8,2.8243,56.55,0.9203,459.76,22.34,0.5212,99.8,93.99,30.922,14.217
BATCH_01205,65.39,10.6,239.54,2276.9,2.7226,54.61,0.9769,497.62,20.82,0.633,99.72,95.65,29.426,14.643
BATCH_01206,65.32,11.15,200.68,2847.0,2.8403,52.42,0.9859,81.56,21.23,0.6288,99.8,95.07,31.626,2.579
BATCH_01207,59.38,10.95,209.0,2884.4,2.8393,54.18,0.9512,480.74,23.11,0.6132,99.8,96.67,31.23,15.013
BATCH_01208,59.7,14.16,167.35,3246.9,2.679,48.36,0.9646,129.08,30.92,0.5664,99.8,97.92,33.919,4.378
BATCH_01209,53.78,14.3,154.35,2418.9,2.6855,52.32,0.938,100.95,21.33,0.6007,99.8,96.65,29.253,2.953
BATCH_01210,79.0,13.4,181.56,3146.4,2.8225,53.53,0.9692,429.88,30.64,0.5738,98.21,97.04,32.404,13.93
BATCH_01211,55.05,14.87,182.68,3510.2,2.7286,60.32,0.921,122.47,27.4,0.5535,99.8,94.62,34.189,4.187
BATCH_01212,59.46,10.14,153.04,2686.7,2.6509,49.43,0.9586,100.31,25.59,0.5817,99.8,94.7,26.394,2.647
BATCH_01213,59.25,15.83,175.62,2412.7,2.7048,59.75,0.9709,100.4,26.99,0.6236,99.8,95.11,29.836,2.996
BATCH_01214,72.16,15.55,189.98,2677.9,2.7695,55.95,0.9925,406.24,24.05,0.5979,99.8,96.12,31.891,12.955
BATCH_01215,62.64,13.97,189.01,2804.2,2.8099,45.35,0.9501,461.96,29.14,0.6546,99.8,94.97,31.814,14.697
BATCH_01216,74.98,16.06,192.61,2969.1,2.6767,57.32,0.9805,466.29,26.27,0.6277,99.8,95.25,33.355,15.553
BATCH_01217,59.61,9.19,187.27,2622.6,2.6721,45.6,0.9672,548.63,17.34,0.6238,99.8,96.62,29.11,15.971
BATCH_01218,67.23,11.45,167.32,3266.6,2.8344,61.96,0.9932,413.27,25.19,0.5336,99.8,94.76,31.419,12.985
BATCH_01219,58.32,11.03,167.15,2465.6,2.8002,59.83,0.9515,76.06,27.14,0.587,99.8,94.87,27.551,2.096
BATCH_01220,82.16,13.94,150.03,2278.2,2.768,50.05,0.9452,127.78,22.84,0.5562,97.1,92.16,29.214,3.733
BATCH_01221,55.5,10.4,224.62,3132.0,2.8038,49.38,0.9901,48.59,24.51,0.592,99.8,95.7,31.756,1.543
BATCH_01222,67.48,14.01,180.34,2117.6,2.7358,51.48,0.9239,535.78,21.55,0.572,99.8,97.01,28.726,15.391
BATCH_01223,70.07,15.24,174.38,2738.8,2.8017,51.05,0.9308,142.98,18.49,0.5851,99.8,95.1,31.431,4.494
BATCH_01224,68.31,13.89,156.78,3600.0,2.7244,51.33,0.9265,486.42,17.8,0.6431,99.8,95.28,33.387,16.24
BATCH_01225,63.52,13.07,253.39,2796.4,2.6988,50.41,0.9866,137.91,17.85,0.6201,99.8,96.58,34.297,4.73
BATCH_01226,63.96,10.52,153.17,2463.8,2.7958,55.56,0.9208,148.89,26.68,0.6418,99.8,96.8,27.293,4.064
BATCH_01227,65.35,10.81,169.28,2782.8,2.7339,47.79,0.9881,40.0,14.04,0.5379,99.8,97.43,28.675,1.147
BATCH_01228,63.82,15.0,190.4,2784.8,2.8463,59.38,0.9557,116.22,21.33,0.6047,99.8,96.47,32.276,3.751
BATCH_01229,72.71,14.06,195.01,2848.2,2.7199,58.81,0.9203,48.11,20.94,0.6415,99.8,96.13,31.772,1.528
BATCH_01230,82.68,12.42,203.95,2998.7,2.8343,53.1,0.9517,546.62,22.87,0.6636,96.94,92.89,31.836,17.402
BATCH_01231,60.54,11.66,225.19,2488.3,2.8366,59.5,0.9348,462.12,16.57,0.5419,99.8,95.73,30.725,14.198
BATCH_01232,54.04,8.45,192.65,3306.3,2.6984,49.2,0.9693,569.04,25.62,0.5902,99.8,95.73,30.878,17.571
BATCH_01233,64.29,10.36,153.6,2873.5,2.8096,45.3,0.9737,442.04,18.91,0.646,99.8,94.23,28.74,12.704
BATCH_01234,85.64,16.32,173.58,3018.0,2.7366,55.53,0.9585,127.15,28.53,0.5974,97.0,91.79,33.253,4.228
BATCH_01235,58.57,9.94,187.7,2611.6,2.8335,52.78,0.9232,524.44,21.51,0.5692,99.8,96.21,28.413,14.901
BATCH_01236,78.11,12.88,231.71,3185.9,2.74,54.64,0.9718,156.63,23.62,0.544,99.38,95.28,34.564,5.414
BATCH_01237,78.42,14.51,145.05,2722.9,2.7989,60.29,0.9865,397.83,24.02,0.5685,99.16,91.54,28.898,11.497
BATCH_01238,60.57,9.99,210.06,2883.3,2.7434,61.49,0.9769,89.27,24.98,0.5394,99.65,95.95,32.089,2.865
BATCH_01239,69.55,12.87,184.5,2520.1,2.6956,55.79,0.9856,62.51,24.15,0.6097,99.7,95.14,29.492,1.844
BATCH_01240,78.03,14.38,200.95,2500.9,2.6899,57.99,0.9358,436.19,22.29,0.6437,99.19,96.05,31.605,13.786
BATCH_01241,61.97,12.52,177.45,3006.5,2.7351,46.42,0.9902,128.31,25.37,0.5578,99.8,96.61,30.625,3.929
BATCH_01242,63.37,18.24,158.94,2666.9,2.8011,47.73,0.9455,136.49,25.86,0.619,99.8,96.23,31.772,4.336
BATCH_01243,60.35,9.16,198.77,2543.9,2.771,57.46,0.9211,502.68,20.94,0.643,99.8,95.57,29.2,14.678
BATCH_01244,56.88,14.62,196.36,2607.0,2.7877,52.33,0.9866,134.34,25.71,0.6095,99.8,96.4,31.922,4.289
BATCH_01245,59.81,12.15,204.3,3009.7,2.7065,52.58,0.9944,437.89,28.77,0.5457,99.8,95.07,31.915,13.976
BATCH_01246,55.21,14.04,179.67,2611.3,2.7463,50.25,0.9718,126.77,26.82,0.626,99.8,95.9,30.761,3.9
BATCH_01247,65.27,13.38,165.0,2764.7,2.6589,55.33,0.9383,122.69,27.73,0.6088,99.8,95.42,29.828,3.66
BATCH_01248,58.84,11.03,141.03,2804.5,2.8135,48.15,0.9399,104.79,24.69,0.6052,99.8,98.27,28.409,2.977
BATCH_01249,66.87,12.96,200.48,2224.8,2.848,55.66,0.9569,118.83,20.26,0.59,99.8,97.47,31.314,3.721
BATCH_01250,52.55,8.78,190.6,2358.7,2.7314,47.95,0.9909,479.27,20.76,0.6158,99.8,97.06,26.952,12.917
BATCH_01251,67.65,13.71,155.86,2900.9,2.6522,46.09,0.9318,122.76,25.28,0.6332,99.8,94.51,31.137,3.823
BATCH_01252,71.67,13.1,166.54,2578.9,2.684,50.62,0.9853,83.06,27.77,0.7089,99.8,96.63,30.271,2.514
BATCH_01253,49.05,13.78,168.33,3117.0,2.7805,48.93,0.943,86.38,35.14,0.6182,99.8,96.19,32.786,2.832
BATCH_01254,67.99,14.62,142.93,3090.0,2.7724,60.11,0.9839,147.07,27.93,0.6746,99.8,97.22,32.244,4.742
BATCH_01255,74.82,13.24,159.56,3015.8,2.8076,45.93,0.9927,423.45,19.32,0.6289,99.8,96.32,31.352,13.276
BATCH_01256,55.32,12.8,151.65,3345.9,2.7008,48.0,0.9538,134.62,20.93,0.6111,99.8,95.99,31.731,4.272
BATCH_01257,78.38,10.74,169.69,2775.1,2.8027,54.33,0.9488,465.18,33.11,0.6214,99.77,94.61,29.003,13.492
BATCH_01258,68.35,11.08,161.53,2994.7,2.7876,53.18,0.9834,83.17,23.14,0.5671,99.8,94.19,29.036,2.415
BATCH_01259,59.36,14.87,139.32,2624.7,2.7146,45.78,0.9618,509.64,24.19,0.6286,99.8,95.23,29.406,14.987
BATCH_01260,64.55,15.37,230.56,3535.7,2.7591,45.12,0.9741,114.44,20.16,0.5372,99.8,96.37,36.334,4.158
BATCH_01261,69.47,12.02,211.31,3395.1,2.6795,61.8,0.9692,103.37,30.26,0.5828,99.8,97.14,33.872,3.501
BATCH_01262,65.61,12.59,160.52,2803.6,2.7405,56.2,0.9321,152.35,26.0,0.6221,99.8,95.45,30.886,4.705
BATCH_01263,69.31,10.69,186.81,2916.0,2.8262,51.21,0.9867,357.75,20.9,0.6659,99.8,95.96,31.114,11.131
BATCH_01264,57.63,14.85,190.44,3207.8,2.7342,53.0,0.9355,166.22,20.02,0.6759,99.8,94.4,35.378,5.881
BATCH_01265,66.35,13.83,209.78,2755.9,2.8179,49.53,0.9937,130.11,25.23,0.6096,99.28,97.46,34.027,4.427
BATCH_01266,53.69,16.38,159.53,2603.0,2.7681,50.86,0.9398,59.69,24.18,0.6258,99.8,97.11,31.052,1.853
BATCH_01267,64.11,10.74,207.3,3062.2,2.6884,56.03,0.978,406.03,27.33,0.6594,99.8,96.65,32.795,13.316
BATCH_01268,57.77,11.74,166.3,2823.5,2.7662,60.01,0.9425,82.26,26.19,0.5673,99.8,96.41,29.318,2.412
BATCH_01269,59.12,12.96,146.6,2854.9,2.7512,48.13,0.9451,460.1,22.94,0.6371,99.8,97.55,29.154,13.414
BATCH_01270,74.89,13.79,198.1,2549.7,2.7297,59.29,0.9445,100.63,21.82,0.5882,99.8,95.19,30.521,3.071
BATCH_01271,73.73,12.07,212.27,2284.7,2.6739,47.07,0.9791,403.47,23.36,0.6149,99.8,95.09,30.86,12.451
BATCH_01272,69.87,10.75,244.7,2870.8,2.7333,48.65,0.964,458.0,21.8,0.6039,99.8,97.06,33.546,15.364
BATCH_01273,56.26,14.26,150.01,3071.5,2.6646,45.63,0.9898,341.8,23.48,0.6401,99.8,96.99,33.031,11.29
BATCH_01274,62.47,13.94,197.47,2732.3,2.6698,47.39,0.9443,452.67,24.07,0.6451,99.8,94.81,33.21,15.033
BATCH_01275,74.7,10.67,169.75,3230.9,2.7332,60.59,0.9747,462.84,20.41,0.6592,99.8,95.47,30.801,14.256
BATCH_01276,66.13,15.21,199.58,2588.8,2.7111,52.81,0.9795,141.59,26.52,0.638,99.8,97.69,33.266,4.71
BATCH_01277,83.55,14.84,143.24,2483.6,2.8351,46.32,0.932,120.73,22.52,0.6314,96.39,92.31,28.871,3.486
BATCH_01278,68.15,12.77,148.43,2779.8,2.7251,61.32,0.9516,470.12,20.63,0.6991,99.8,96.79,30.868,14.512
BATCH_01279,66.54,12.66,160.6,2775.2,2.8016,59.94,0.9581,102.06,22.59,0.5644,99.8,94.84,29.162,2.976
BATCH_01280,62.53,13.61,181.97,3031.0,2.756,57.83,0.9481,119.89,24.97,0.6937,99.8,96.66,32.147,3.854
BATCH_01281,66.07,10.78,163.97,2567.5,2.7908,60.87,0.9454,150.86,24.33,0.6147,99.8,94.58,27.575,4.16
BATCH_01282,63.78,12.56,196.48,3210.4,2.702,48.74,0.9742,550.64,25.69,0.6496,99.8,94.02,32.991,18.166
BATCH_01283,70.66,8.2,205.67,3390.1,2.8384,59.22,0.9371,462.31,27.59,0.6142,99.8,96.73,31.535,14.579
BATCH_01284,72.65,14.25,194.99,2788.3,2.756,56.73,0.976,136.21,29.22,0.5995,99.8,97.43,31.943,4.351
BATCH_01285,58.71,9.38,220.47,3174.9,2.8163,59.79,0.9939,468.49,25.14,0.6475,99.8,95.75,33.618,15.75
BATCH_01286,54.35,15.51,190.4,2483.1,2.723,58.55,0.9647,502.26,19.72,0.6702,99.8,95.45,33.516,16.833
BATCH_01287,50.31,11.84,149.58,3122.6,2.67,50.89,0.9683,487.94,22.92,0.6479,99.8,97.71,29.431,14.361
BATCH_01288,69.06,12.08,214.08,3114.2,2.7847,58.16,0.9254,583.44,19.98,0.6078,99.8,95.81,34.563,20.165
BATCH_01289,56.17,11.24,164.87,3059.0,2.6516,49.46,0.9883,140.04,30.79,0.7743,99.7,93.93,31.128,4.359
BATCH_01290,47.78,11.92,202.76,2795.3,2.7451,50.59,0.9426,471.35,31.95,0.6783,99.8,97.69,32.366,15.256
BATCH_01291,68.11,15.34,219.34,1913.7,2.6886,46.83,0.9686,117.19,26.6,0.6681,99.8,95.65,29.821,3.495
BATCH_01292,84.94,7.52,191.42,2607.5,2.7755,60.9,0.9973,120.74,27.43,0.6171,96.82,90.57,28.444,3.434
BATCH_01293,64.95,15.05,142.6,2612.2,2.8459,49.95,0.967,115.16,25.0,0.6067,99.66,96.82,27.947,3.218
BATCH_01294,71.71,13.18,157.04,2506.5,2.7429,53.85,0.9773,459.85,25.46,0.6209,99.8,95.29,29.193,13.424
BATCH_01295,65.65,10.09,213.07,2836.7,2.8135,51.65,0.9552,526.8,17.61,0.6758,99.8,95.86,31.978,16.846
BATCH_01296,64.21,10.35,175.77,2674.3,2.7516,61.32,0.9248,134.67,23.7,0.5934,99.8,94.68,29.016,3.908
BATCH_01297,72.35,15.85,181.99,2552.6,2.7492,50.7,0.983,491.67,20.48,0.5908,99.8,96.19,31.017,15.25
BATCH_01298,62.68,10.61,198.97,2482.4,2.8361,58.24,0.9228,130.8,25.13,0.6555,99.8,96.07,30.237,3.955
BATCH_01299,67.14,10.19,197.41,2585.3,2.828,59.54,0.9754,414.59,23.76,0.6472,99.8,96.97,30.168,12.507
BATCH_01300,67.57,14.77,186.97,3136.4,2.8072,52.41,0.9218,106.81,31.79,0.604,99.8,96.86,33.532,3.582
BATCH_01301,59.66,13.18,174.78,2601.7,2.7093,51.43,0.9881,57.24,27.67,0.5916,99.8,96.55,30.557,1.749
BATCH_01302,72.94,10.62,172.18,2645.5,2.759,57.71,0.9325,119.03,25.14,0.6933,99.8,96.39,29.287,3.486
BATCH_01303,63.6,12.93,201.45,2663.0,2.6948,60.52,0.9606,120.43,22.93,0.6505,99.8,95.93,32.273,3.887
BATCH_01304,58.95,10.45,193.84,2901.7,2.7388,57.83,0.9672,473.96,30.7,0.5821,99.8,96.61,30.554,14.481
BATCH_01305,69.29,14.7,173.57,2936.9,2.7468,48.86,0.9561,484.47,23.88,0.5853,99.8,94.89,32.245,15.622
BATCH_01306,57.81,14.62,207.05,1886.6,2.8163,60.1,0.9469,419.52,25.33,0.6231,99.8,93.65,30.208,12.673
BATCH_01307,65.23,13.56,176.77,3106.5,2.8292,51.59,0.957,432.36,24.17,0.6673,99.8,97.16,32.518,14.06
BATCH_01308,64.93,13.22,158.71,3230.9,2.7329,54.8,0.9446,90.83,22.38,0.6622,99.8,96.67,31.229,2.836
BATCH_01309,73.69,16.02,161.03,2484.9,2.6535,59.13,0.9546,506.79,24.15,0.6842,99.8,95.87,31.204,15.814
BATCH_01310,68.8,12.5,155.53,2508.3,2.8224,48.2,0.9484,444.63,16.15,0.5797,99.8,97.07,29.196,12.981
BATCH_01311,64.8,10.14,173.19,2664.9,2.6849,58.34,0.9647,106.36,17.81,0.6487,99.8,95.27,29.181,3.104
BATCH_01312,71.54,13.4,210.84,2573.2,2.7744,55.13,0.9388,524.0,25.4,0.6973,99.51,95.29,32.768,17.17
BATCH_01313,76.12,16.67,159.87,2867.2,2.655,60.19,0.9981,131.63,30.27,0.694,99.8,94.62,32.831,4.322
BATCH_01314,69.46,10.47,184.71,2216.0,2.7299,47.92,0.9596,454.92,25.39,0.6555,99.8,96.57,28.536,12.982
BATCH_01315,65.08,11.78,163.58,2464.6,2.8472,52.15,0.9353,468.73,21.12,0.7355,99.8,93.46,28.951,13.57
BATCH_01316,54.51,13.33,173.49,3261.8,2.6701,59.16,0.9577,107.95,18.23,0.6664,99.8,95.23,32.801,3.541
BATCH_01317,56.48,12.39,142.25,2521.5,2.7347,45.33,0.9884,59.26,27.14,0.6842,99.8,96.29,29.139,1.727
BATCH_01318,62.56,10.54,174.49,3173.0,2.7114,46.91,0.9217,473.99,21.73,0.6447,99.8,94.8,30.802,14.6
BATCH_01319,60.12,14.74,175.16,2906.6,2.831,61.84,0.9737,435.5,26.57,0.6122,99.37,95.34,32.938,14.345
BATCH_01320,63.5,17.14,193.51,2257.2,2.8239,49.77,0.9633,507.15,25.56,0.6088,99.8,93.79,32.688,16.578
BATCH_01321,65.45,12.89,185.58,2990.6,2.6975,61.58,0.9334,515.37,25.91,0.6516,99.8,96.61,32.806,16.907
BATCH_01322,69.24,10.69,150.04,2764.7,2.6662,48.1,0.9846,399.78,24.13,0.6363,99.8,95.31,27.4,10.954
BATCH_01323,64.44,9.4,207.1,2663.4,2.7754,51.14,0.9491,117.24,25.53,0.5745,99.8,94.9,29.779,3.491
BATCH_01324,68.89,13.02,185.26,2873.5,2.7173,57.8,0.9432,476.41,23.52,0.6046,99.8,94.7,31.467,14.991
BATCH_01325,65.52,14.71,184.96,2942.4,2.7844,56.18,0.9854,84.89,21.46,0.6334,99.8,95.58,32.582,2.766
BATCH_01326,49.2,13.45,179.77,3012.3,2.6564,54.88,0.9704,105.41,20.15,0.6756,99.8,94.42,32.717,3.449
BATCH_01327,57.49,12.5,167.06,3153.5,2.6767,54.01,0.991,434.49,14.46,0.6464,99.8,97.94,32.447,14.098
BATCH_01328,63.85,11.32,185.45,2922.4,2.7873,59.34,0.9698,502.94,23.28,0.6446,99.8,93.62,30.823,15.502
BATCH_01329,55.32,10.32,191.89,2387.3,2.6925,48.99,0.9785,141.5,30.08,0.6084,99.8,95.55,28.463,4.028
BATCH_01330,69.8,14.17,136.33,2657.9,2.8215,52.52,0.9861,393.63,26.92,0.6493,99.8,96.11,29.033,11.428
BATCH_01331,77.25,14.33,166.53,3600.0,2.6617,47.64,0.9243,125.41,24.91,0.7016,99.51,94.1,35.859,4.497
BATCH_01332,74.75,9.41,173.63,3017.3,2.6931,55.13,0.9813,485.52,21.06,0.6555,99.8,96.21,29.823,14.48
BATCH_01333,63.29,15.68,186.4,3510.8,2.8497,49.26,0.9685,138.66,27.99,0.5894,99.47,95.2,34.569,4.793
BATCH_01334,76.93,13.65,209.83,3218.6,2.7366,50.68,0.9255,532.45,23.52,0.6001,99.7,96.61,33.287,17.724
BATCH_01335,66.19,15.3,160.71,2872.5,2.7906,53.01,0.9602,513.52,30.3,0.6742,99.8,94.88,32.357,16.616
BATCH_01336,62.3,9.82,167.55,2890.4,2.6865,45.46,0.9265,520.0,20.08,0.6421,99.8,93.65,28.739,14.945
BATCH_01337,60.09,9.77,167.19,2789.0,2.772,46.56,0.9781,465.62,21.0,0.6485,99.8,94.7,29.476,13.724
BATCH_01338,62.58,12.2,159.96,2278.7,2.7952,56.66,0.9632,158.18,20.61,0.6274,99.8,96.39,26.634,4.213
BATCH_01339,61.89,13.51,171.32,2805.4,2.7129,52.29,0.9953,107.95,18.07,0.6725,99.8,95.88,30.931,3.339
BATCH_01340,66.36,16.09,199.27,3163.2,2.8158,59.7,0.9345,504.81,20.25,0.6408,99.8,96.75,34.3,17.315
BATCH_01341,66.28,13.91,153.65,2620.1,2.7707,56.81,0.9679,97.73,24.41,0.6458,99.8,96.5,30.129,2.944
BATCH_01342,65.02,12.01,190.7,2923.6,2.7278,45.14,0.9367,71.29,21.15,0.6197,99.8,95.36,32.184,2.294
BATCH_01343,68.5,10.45,137.45,3055.5,2.7615,55.48,0.9685,101.53,8.57,0.6911,99.8,95.51,29.429,2.988
BATCH_01344,74.53,14.96,165.97,2527.1,2.7654,46.59,0.9771,432.73,28.3,0.6458,99.8,95.61,29.714,12.858
BATCH_01345,72.6,10.57,171.76,2664.6,2.6831,58.28,0.9771,111.13,17.26,0.6794,99.8,97.88,28.704,3.19
BATCH_01346,53.12,15.76,221.87,2494.6,2.7305,61.86,0.9844,474.7,26.36,0.6078,99.8,96.69,33.614,15.957
BATCH_01347,44.57,11.93,173.13,2553.4,2.7187,54.03,0.9874,101.66,24.12,0.7254,99.8,97.21,28.598,2.907
BATCH_01348,72.47,15.68,124.97,2413.7,2.7302,56.61,0.9261,119.72,32.47,0.7075,99.8,96.64,28.673,3.433
BATCH_01349,54.06,13.86,130.03,2529.9,2.8022,49.03,0.9471,100.74,27.99,0.5805,99.8,95.94,28.999,2.921
BATCH_01350,63.2,12.23,180.85,3225.8,2.7465,52.44,0.9743,133.59,21.98,0.6253,99.8,94.98,32.387,4.326
BATCH_01351,55.64,11.46,195.34,2525.4,2.8381,59.55,0.9594,137.04,21.19,0.6769,99.8,96.2,29.19,4.0
BATCH_01352,50.58,11.82,189.39,2837.9,2.7087,47.85,0.9351,392.01,30.01,0.6055,99.8,95.94,30.574,11.985
BATCH_01353,69.33,13.36,184.19,2649.1,2.7331,49.51,0.9637,148.14,18.1,0.6534,99.8,95.91,30.672,4.544
BATCH_01354,71.07,12.65,209.06,3153.7,2.8074,52.57,0.9522,489.75,24.76,0.6762,99.8,95.79,35.924,17.594
BATCH_01355,60.39,11.31,166.51,3193.3,2.7592,57.11,0.9508,434.4,23.48,0.6522,99.8,93.95,32.704,14.207
BATCH_01356,44.27,12.17,202.37,3059.2,2.7594,51.39,0.984,127.34,22.63,0.6816,99.8,97.26,33.861,4.312
BATCH_01357,60.63,12.66,139.2,2891.8,2.6607,60.77,0.9522,128.16,25.41,0.6328,99.8,95.95,29.116,3.732
BATCH_01358,68.13,8.24,157.38,2730.7,2.7297,46.61,0.9221,107.17,24.76,0.5712,99.8,94.59,27.861,2.986
BATCH_01359,53.17,13.42,134.82,2442.4,2.7041,51.3,0.9246,139.59,25.83,0.7007,99.8,96.46,27.314,3.813
BATCH_01360,66.47,10.54,173.13,3383.1,2.8499,57.05,0.9876,85.05,24.56,0.7009,99.8,95.12,33.227,2.826
BATCH_01361,64.88,10.19,178.84,2572.1,2.7117,48.84,0.9959,512.33,25.67,0.7625,99.07,94.88,30.365,15.557
BATCH_01362,69.63,9.13,182.85,2999.1,2.8269,56.16,0.9744,432.11,24.37,0.5745,99.8,96.88,29.619,12.798
BATCH_01363,65.96,8.91,181.55,3117.9,2.7852,47.79,0.9488,112.81,21.36,0.6932,99.8,97.02,31.719,3.578
BATCH_01364,57.22,9.79,156.81,2633.4,2.7182,45.95,0.9941,427.71,24.02,0.5849,99.8,95.84,27.039,11.565
BATCH_01365,74.57,11.08,175.24,3111.4,2.7587,47.06,0.9724,116.56,21.14,0.7344,99.54,94.66,30.88,3.599
BATCH_01366,63.73,16.41,142.56,3029.3,2.8181,60.81,0.9867,99.11,20.88,0.6841,99.8,95.37,33.224,3.293
BATCH_01367,64.78,11.45,214.08,3318.4,2.8267,54.38,0.9805,149.35,22.66,0.6269,99.73,95.28,34.09,5.091
BATCH_01368,57.53,12.86,172.41,2659.2,2.6821,58.54,0.95,94.55,23.52,0.6967,99.8,95.98,31.123,2.943
BATCH_01369,61.45,13.3,167.78,2414.2,2.7179,50.66,0.9578,451.8,24.14,0.6438,99.8,95.79,30.781,13.907
BATCH_01370,57.92,12.76,219.72,2648.4,2.717,55.08,0.9347,130.34,27.67,0.6784,99.8,95.17,32.218,4.199
BATCH_01371,63.62,12.35,148.94,2862.7,2.6584,53.41,0.9431,517.08,22.01,0.675,99.8,94.86,29.755,15.386
BATCH_01372,78.69,10.11,151.86,2817.5,2.7696,61.08,0.9815,502.16,24.79,0.737,98.09,93.12,30.301,15.216
BATCH_01373,54.02,15.4,152.59,2682.0,2.821,57.71,0.9906,514.9,24.47,0.7403,99.08,94.48,31.919,16.435
BATCH_01374,52.09,16.11,178.3,2227.2,2.7263,57.42,0.9772,154.78,21.57,0.6443,99.8,94.86,30.046,4.65
BATCH_01375,76.77,9.13,190.79,2941.1,2.798,45.79,0.9567,91.53,24.29,0.7109,98.86,95.69,30.033,2.749
BATCH_01376,63.33,10.45,198.49,3391.7,2.7755,54.34,0.9268,103.65,28.01,0.6833,99.8,97.77,33.084,3.429
BATCH_01377,59.65,11.94,244.3,2939.3,2.7251,52.94,0.9245,89.39,24.75,0.613,99.8,96.96,33.734,3.016
BATCH_01378,73.32,10.57,123.76,2982.7,2.6782,60.77,0.9496,86.06,24.91,0.6421,99.8,95.28,28.121,2.42
BATCH_01379,60.16,13.51,195.22,2971.7,2.7919,49.37,0.9566,159.78,21.18,0.7639,98.78,94.23,33.882,5.414
BATCH_01380,79.61,11.04,166.07,2919.1,2.8209,49.59,0.9681,133.57,31.88,0.6852,98.16,95.33,30.547,4.08
BATCH_01381,70.42,16.83,165.34,3079.5,2.7872,51.99,0.9205,123.51,21.41,0.7113,99.8,94.52,33.512,4.139
BATCH_01382,61.1,14.88,164.51,2918.6,2.6536,49.14,0.9982,103.59,17.33,0.6633,99.8,96.78,32.091,3.324
BATCH_01383,82.26,12.93,157.28,2706.2,2.6932,47.2,0.9488,445.31,27.44,0.6506,97.48,91.07,28.167,12.543
BATCH_01384,60.15,14.55,222.11,2561.2,2.6639,59.58,0.987,99.39,23.54,0.6738,99.75,97.68,33.608,3.34
BATCH_01385,70.94,14.71,201.06,2725.3,2.7641,54.49,0.9623,512.24,22.79,0.6625,99.8,95.57,34.047,17.44
BATCH_01386,67.39,11.37,180.58,2894.2,2.8013,59.64,0.9303,98.19,21.82,0.6138,99.79,98.23,29.521,2.899
BATCH_01387,75.41,10.87,213.78,2705.2,2.6721,59.13,0.983,103.89,31.49,0.6339,99.8,97.53,31.812,3.305
BATCH_01388,77.49,12.66,142.19,2894.3,2.8177,49.79,0.9761,138.96,25.42,0.7028,99.8,94.62,29.516,4.101
BATCH_01389,65.26,14.22,146.73,2931.7,2.7611,54.31,0.9617,141.6,26.2,0.6597,99.8,95.28,31.579,4.471
BATCH_01390,58.97,12.78,125.55,3050.0,2.788,46.41,0.9606,134.94,24.65,0.6764,99.8,96.19,29.816,4.023
BATCH_01391,68.68,9.35,162.51,3184.8,2.8443,60.56,0.9269,93.76,25.08,0.6852,99.74,95.82,30.627,2.872
BATCH_01392,59.58,10.89,184.04,2823.4,2.6667,51.87,0.9718,373.66,29.59,0.6888,99.8,95.6,30.835,11.522
BATCH_01393,81.11,12.35,182.57,2407.7,2.8302,51.69,0.992,123.92,23.0,0.7226,97.18,90.8,31.106,3.855
BATCH_01394,66.09,12.35,183.73,2696.5,2.6752,50.15,0.9274,98.77,18.17,0.6332,99.8,95.49,30.952,3.057
BATCH_01395,62.08,16.45,144.72,2813.2,2.7286,52.83,0.9408,154.27,27.47,0.7004,99.8,94.88,31.248,4.821
BATCH_01396,66.48,9.73,200.08,2249.3,2.8203,49.28,0.9913,59.95,25.99,0.7083,99.8,96.33,28.872,1.731
BATCH_01397,54.22,13.51,185.99,3216.6,2.8313,51.37,0.9425,461.86,24.43,0.7179,99.8,96.51,33.743,15.585
BATCH_01398,57.23,15.48,198.33,2842.7,2.7513,58.6,0.9717,107.26,25.88,0.6224,99.8,96.74,33.718,3.617
BATCH_01399,74.6,17.04,132.68,2914.4,2.7688,59.18,0.9623,48.9,22.52,0.6896,99.8,96.34,31.528,1.542
BATCH_01400,59.74,11.69,187.79,3209.7,2.7916,50.17,0.9671,358.33,24.08,0.7485,99.8,93.84,32.787,11.749
BATCH_01401,56.62,13.48,150.31,2611.0,2.8166,52.97,0.9528,135.63,23.47,0.6764,99.8,96.21,29.706,4.029
BATCH_01402,69.29,13.64,170.07,2972.2,2.6743,59.85,0.9437,120.76,21.63,0.7001,99.8,96.79,32.262,3.896
BATCH_01403,74.49,12.89,193.36,2767.0,2.812,45.9,0.9238,159.33,28.76,0.7124,99.8,95.08,33.093,5.273
BATCH_01404,70.75,12.3,182.28,2744.8,2.7463,60.12,0.9788,158.63,18.35,0.6406,99.8,96.12,30.486,4.836
BATCH_01405,72.97,13.37,158.71,2568.3,2.7401,48.73,0.9789,130.83,33.44,0.7555,99.01,94.36,28.667,3.75
BATCH_01406,58.95,7.44,180.16,3299.7,2.7348,56.54,0.973,127.83,27.51,0.7025,99.8,97.59,30.448,3.892
BATCH_01407,53.63,13.86,141.71,2687.3,2.7518,54.9,0.9708,121.65,16.89,0.7038,99.8,96.75,28.503,3.467
BATCH_01408,77.01,12.75,208.76,3009.8,2.839,54.4,0.9393,53.62,23.1,0.617,99.59,95.64,33.621,1.803
BATCH_01409,62.42,12.06,174.87,2237.5,2.7596,59.61,0.9218,85.14,23.33,0.7157,99.8,93.86,27.436,2.336
BATCH_01410,62.99,16.59,207.96,3154.0,2.8406,46.73,0.9839,122.52,25.57,0.7046,99.79,96.05,35.654,4.368
BATCH_01411,75.63,11.15,166.84,3115.7,2.6861,50.9,0.9588,417.54,20.04,0.7498,99.53,94.2,31.335,13.084
BATCH_01412,69.45,11.69,166.91,2829.2,2.7948,54.15,0.9442,407.3,24.13,0.6728,99.8,95.84,31.508,12.833
BATCH_01413,68.65,16.48,160.9,2731.9,2.8124,58.79,0.9281,516.39,23.52,0.6462,99.8,94.44,31.105,16.062
BATCH_01414,82.32,10.84,201.9,2920.0,2.7858,48.68,0.925,143.44,21.05,0.6589,97.65,91.4,31.847,4.568
BATCH_01415,59.85,11.4,162.26,3486.6,2.7714,58.65,0.9476,157.06,20.49,0.6664,99.8,95.93,32.935,5.173
BATCH_01416,72.42,12.21,196.11,2271.0,2.763,51.79,0.9836,335.96,27.68,0.6423,99.8,97.11,30.762,10.335
BATCH_01417,65.46,14.18,170.44,3034.6,2.8222,48.21,0.9926,524.02,17.21,0.7391,99.8,94.35,33.65,17.633
BATCH_01418,67.15,12.92,130.6,2526.5,2.8143,57.9,0.9908,481.91,25.91,0.7411,99.46,94.49,29.217,14.08
BATCH_01419,77.23,9.91,165.74,2794.0,2.6745,46.55,0.9927,146.9,27.19,0.6806,99.73,96.71,29.866,4.387
BATCH_01420,69.06,11.44,150.52,2725.6,2.8197,53.75,0.9917,123.64,23.13,0.6732,99.8,95.7,27.936,3.454
BATCH_01421,69.31,11.29,180.85,2671.5,2.7328,46.09,0.9617,132.79,24.21,0.6167,99.8,95.87,30.044,3.989
BATCH_01422,73.58,12.35,150.24,2796.9,2.7007,51.06,0.9373,129.14,28.65,0.7176,99.8,95.41,30.627,3.955
BATCH_01423,62.08,13.35,203.15,2459.7,2.824,55.22,0.983,116.96,21.18,0.7564,99.35,93.13,31.268,3.657
BATCH_01424,58.29,13.34,177.72,3108.8,2.7364,54.45,0.9369,382.65,21.59,0.6652,99.64,96.57,32.294,12.357
BATCH_01425,56.64,8.95,175.56,2261.8,2.8117,51.88,0.9411,117.95,22.02,0.6864,99.48,95.35,26.417,3.116
BATCH_01426,49.27,14.63,196.4,2961.9,2.7027,52.29,0.9384,144.67,28.66,0.7089,99.8,95.73,34.695,5.019
BATCH_01427,81.45,13.01,204.1,2702.0,2.6508,48.86,0.9607,108.96,29.17,0.761,96.13,91.7,32.84,3.578
BATCH_01428,56.17,15.27,179.5,2448.7,2.7491,52.75,0.9454,142.33,18.42,0.7005,99.8,97.93,31.21,4.442
BATCH_01429,63.23,13.39,160.72,2860.7,2.67,61.21,0.9322,138.43,28.02,0.7007,99.8,94.66,30.149,4.173
BATCH_01430,62.79,14.7,135.65,2332.9,2.8009,59.46,0.9558,112.53,27.28,0.7005,99.8,96.85,28.455,3.202
BATCH_01431,67.46,13.43,162.85,2811.9,2.7052,47.47,0.989,154.72,30.21,0.6368,99.8,96.87,30.24,4.679
BATCH_01432,71.53,15.19,164.57,2373.1,2.7387,45.51,0.9651,111.11,25.54,0.6364,99.8,95.36,30.155,3.351
BATCH_01433,71.88,13.54,182.68,2938.4,2.6674,60.87,0.9894,157.74,23.82,0.6624,99.8,96.6,31.502,4.969
BATCH_01434,60.34,12.3,171.37,2522.7,2.7073,53.95,0.9355,427.54,28.58,0.7357,99.8,96.68,30.146,12.888
BATCH_01435,63.66,17.04,197.2,2664.7,2.8063,54.14,0.9332,119.6,26.8,0.6822,99.8,95.24,33.693,4.03
BATCH_01436,67.26,14.28,164.68,2888.2,2.6803,58.27,0.9655,97.8,32.98,0.6749,99.8,96.24,30.789,3.011
BATCH_01437,63.01,13.65,178.57,2568.2,2.7794,50.35,0.9566,400.05,27.83,0.6746,99.8,96.4,29.804,11.923
BATCH_01438,77.86,9.95,209.6,2782.6,2.8335,53.19,0.9722,477.92,24.61,0.6915,99.8,95.16,30.469,14.562
BATCH_01439,68.93,9.92,188.55,2345.9,2.786,61.47,0.9828,543.55,19.3,0.7655,99.8,95.0,28.914,15.716
BATCH_01440,70.88,13.09,178.5,2989.3,2.8122,56.43,0.9794,114.56,21.68,0.6918,99.8,96.17,32.455,3.718
BATCH_01441,70.3,12.79,164.95,3329.5,2.6718,47.61,0.9944,99.9,18.26,0.6669,99.8,96.51,32.938,3.291
BATCH_01442,74.39,11.27,164.17,3600.0,2.7001,47.26,0.9515,461.36,23.14,0.6998,99.8,95.09,33.415,15.416
BATCH_01443,66.45,12.78,158.73,2827.4,2.8289,48.47,0.9363,405.38,27.7,0.7694,98.53,94.29,30.458,12.347
BATCH_01444,54.63,15.68,166.47,3036.5,2.793,58.03,0.9635,89.33,23.99,0.6796,99.8,95.52,34.095,3.046
BATCH_01445,68.2,13.89,198.89,2265.8,2.7779,50.02,0.9287,483.62,28.09,0.6529,99.8,94.77,30.306,14.657
BATCH_01446,59.79,10.22,174.45,3250.8,2.7828,45.36,0.9428,452.31,25.35,0.6805,98.86,95.49,31.959,14.455
BATCH_01447,60.77,12.28,146.26,3032.9,2.7328,61.05,0.9364,95.62,22.39,0.7062,99.8,96.1,30.451,2.912
BATCH_01448,69.69,10.89,224.2,2654.8,2.6589,47.89,0.9513,138.94,24.35,0.729,99.6,95.65,32.677,4.54
BATCH_01449,74.91,11.72,188.0,3171.2,2.8069,45.16,0.9288,460.37,25.89,0.7422,99.31,93.59,32.991,15.188
BATCH_01450,65.17,11.67,144.83,2723.7,2.7857,49.03,0.9225,117.96,24.56,0.6605,99.8,95.06,28.97,3.417
BATCH_01451,67.47,11.54,168.95,2662.6,2.7446,49.0,0.9719,397.55,24.6,0.6648,99.8,96.72,29.57,11.756
BATCH_01452,78.62,9.99,182.77,2942.6,2.83,52.17,0.9682,99.58,20.92,0.6903,99.56,94.77,31.375,3.124
BATCH_01453,66.93,12.24,222.61,2481.0,2.7172,60.65,0.976,442.66,22.27,0.7311,99.6,96.05,31.682,14.024
BATCH_01454,85.81,11.38,152.3,3106.5,2.7089,59.95,0.9722,467.52,33.03,0.6538,95.46,92.18,28.943,13.531
BATCH_01455,69.52,6.64,204.4,2483.2,2.8246,52.77,0.929,84.08,28.91,0.6803,99.8,96.54,27.338,2.299
BATCH_01456,50.91,16.61,214.99,2485.0,2.8094,51.99,0.943,133.78,18.1,0.6814,99.8,95.59,34.83,4.659
BATCH_01457,71.03,14.68,164.28,2527.1,2.753,54.44,0.9302,407.18,14.53,0.7432,99.8,94.95,30.858,12.565
BATCH_01458,68.05,11.75,173.06,3027.9,2.6761,49.14,0.9866,384.59,24.3,0.7271,99.8,96.93,31.83,12.241
BATCH_01459,75.32,12.54,154.09,2615.0,2.693,45.89,0.979,149.82,27.57,0.7426,99.8,97.46,28.835,4.32
BATCH_01460,70.39,10.16,174.91,2395.6,2.7812,60.97,0.9359,90.09,21.92,0.7604,98.67,94.83,28.74,2.589
BATCH_01461,63.89,15.89,179.09,2618.3,2.727,48.17,0.947,427.24,28.09,0.6951,99.8,96.54,31.603,13.502
BATCH_01462,55.21,16.29,196.49,2790.4,2.8173,48.37,0.9964,135.57,24.24,0.6603,99.8,96.73,33.268,4.51
BATCH_01463,63.33,12.81,207.25,2445.7,2.84,53.03,0.9669,555.73,23.35,0.661,99.74,96.02,30.954,17.202
BATCH_01464,58.2,14.55,161.3,2454.5,2.8111,53.36,0.9833,114.56,27.02,0.6352,99.8,97.16,30.126,3.451
BATCH_01465,60.36,12.85,130.82,3433.4,2.7255,45.31,0.9409,426.02,21.87,0.6908,99.8,97.01,32.06,13.658
BATCH_01466,69.71,9.83,179.47,2541.8,2.8077,47.52,0.9366,545.35,22.85,0.6942,99.8,96.35,29.357,16.01
BATCH_01467,78.36,11.68,187.34,2703.1,2.7203,51.43,0.9819,457.99,26.68,0.7415,98.27,92.95,29.956,13.72
BATCH_01468,68.16,12.76,186.24,2689.8,2.6834,56.62,0.9742,156.9,23.87,0.7112,99.68,94.18,31.496,4.942
BATCH_01469,55.43,11.59,171.83,2673.6,2.6567,48.88,0.9738,512.59,31.64,0.6913,99.8,96.73,29.804,15.277
BATCH_01470,68.56,12.06,183.12,2986.4,2.7271,52.19,0.9637,462.49,26.78,0.7067,99.8,96.03,30.903,14.292
BATCH_01471,74.57,12.32,217.89,3084.4,2.8307,54.47,0.9645,444.33,26.52,0.6703,99.8,95.26,34.171,15.183
BATCH_01472,60.12,12.34,189.54,2708.2,2.6978,60.11,0.9781,468.66,23.8,0.7533,99.77,93.43,31.587,14.803
BATCH_01473,63.93,12.6,170.67,2429.1,2.6913,50.54,0.9413,94.41,27.5,0.6813,99.8,96.66,29.81,2.814
BATCH_01474,65.12,10.38,167.5,3182.3,2.844,47.27,0.9479,414.21,22.71,0.6676,99.8,94.4,31.044,12.859
BATCH_01475,58.72,11.07,175.75,2771.4,2.655,53.32,0.9889,95.23,25.13,0.7463,99.8,95.05,30.187,2.875
BATCH_01476,70.19,9.93,220.92,3319.1,2.8072,57.69,0.9444,414.51,20.33,0.737,99.8,95.84,35.15,14.57
BATCH_01477,64.03,14.46,175.42,2126.3,2.7143,46.87,0.9632,460.48,28.16,0.6456,99.8,96.55,27.405,12.62
BATCH_01478,68.36,8.29,179.51,2858.6,2.6575,52.22,0.9755,120.87,25.16,0.7492,99.35,94.28,29.649,3.584
BATCH_01479,57.9,14.81,167.94,3375.6,2.8336,45.3,0.999,75.07,31.93,0.6858,99.8,94.75,32.843,2.466
BATCH_01480,61.5,15.27,207.47,2694.0,2.6779,45.57,0.9544,510.76,33.57,0.7009,99.8,96.56,33.121,16.917
BATCH_01481,70.78,11.9,229.0,2732.4,2.7604,53.21,0.9538,441.74,27.05,0.7238,99.8,96.56,33.848,14.952
BATCH_01482,62.02,7.29,191.27,2888.7,2.7048,50.07,0.9866,109.93,24.27,0.7402,99.68,94.34,28.8,3.166
BATCH_01483,78.82,11.78,182.07,2632.4,2.663,59.37,0.9836,126.39,20.22,0.7351,97.79,93.73,29.553,3.735
BATCH_01484,61.8,12.37,180.92,2706.4,2.66,55.24,0.9778,135.63,27.62,0.7157,99.8,97.16,33.027,4.479
BATCH_01485,66.8,10.48,120.39,2698.7,2.6731,52.72,0.9566,169.03,24.84,0.7011,99.8,96.31,25.873,4.373
BATCH_01486,72.46,11.47,198.63,2611.8,2.6643,51.93,0.9456,78.5,26.15,0.7351,99.4,94.66,32.594,2.559
BATCH_01487,53.65,15.56,183.35,3168.7,2.8021,53.45,0.9681,140.65,30.92,0.7143,99.48,96.65,34.646,4.873
BATCH_01488,50.91,13.83,190.71,2938.3,2.7471,45.69,0.9892,138.58,20.7,0.7917,98.18,92.79,33.391,4.627
BATCH_01489,52.79,10.65,162.21,2875.2,2.7186,60.18,0.9898,116.57,20.3,0.7434,99.51,93.53,30.577,3.564
BATCH_01490,75.1,9.3,170.39,3042.6,2.7337,61.97,0.9286,139.68,23.05,0.6834,99.8,96.76,31.164,4.353
BATCH_01491,60.59,11.85,169.72,2720.7,2.8358,48.09,0.9538,143.36,27.28,0.7017,99.8,95.55,29.331,4.205
BATCH_01492,85.47,12.07,205.54,2567.7,2.8322,47.05,0.9567,85.45,26.22,0.7232,96.53,90.03,31.28,2.673
BATCH_01493,60.49,13.49,170.53,2619.2,2.7931,47.44,0.9972,163.74,20.42,0.7737,99.1,93.38,31.906,5.224
BATCH_01494,66.48,11.43,232.07,2800.5,2.8269,56.24,0.9736,81.03,27.03,0.7786,98.44,93.4,34.193,2.771
BATCH_01495,77.34,13.52,190.77,2482.2,2.7139,56.24,0.9522,91.62,19.2,0.7068,99.11,96.1,32.155,2.946
BATCH_01496,81.05,16.37,148.11,2649.9,2.7262,59.41,0.9221,113.46,20.65,0.6857,97.28,94.76,31.605,3.586
BATCH_01497,81.49,14.13,176.79,2645.2,2.7727,57.78,0.9647,499.94,23.54,0.6811,97.4,94.68,32.83,16.413
BATCH_01498,74.67,12.4,163.71,3437.4,2.7747,52.64,0.9276,452.77,21.79,0.7341,99.3,96.17,33.465,15.152
BATCH_01499,73.19,12.13,125.14,1967.9,2.7463,55.42,0.9859,119.2,27.56,0.8166,97.42,93.32,26.085,3.109
BATCH_01500,69.74,11.79,219.99,2746.1,2.7301,56.7,0.9794,155.8,25.15,0.7465,99.8,93.31,33.379,5.201
BATCH_01501,71.23,14.86,197.58,3317.7,2.8472,53.72,0.9564,455.59,31.06,0.6616,99.8,95.81,35.262,16.065
BATCH_01502,60.59,11.25,193.33,2836.6,2.8142,53.09,0.9539,90.54,23.01,0.6967,99.8,98.16,32.218,2.917
BATCH_01503,58.45,12.59,184.14,3026.0,2.737,55.97,0.9909,476.52,23.51,0.7013,99.8,95.53,32.774,15.617
BATCH_01504,64.97,12.6,145.45,2829.9,2.7955,54.48,0.9428,472.59,28.84,0.6938,99.8,97.51,30.454,14.392
BATCH_01505,63.64,11.5,167.91,2599.8,2.7039,55.95,0.9397,121.77,23.64,0.7116,98.83,95.74,30.307,3.691
BATCH_01506,61.37,9.76,201.04,2127.4,2.67,55.42,0.9942,168.27,29.98,0.7424,99.8,92.18,28.933,4.868
BATCH_01507,70.57,13.15,153.72,2861.6,2.7205,57.23,0.9839,492.84,26.16,0.7553,99.57,95.15,31.455,15.502
BATCH_01508,72.64,12.38,116.71,2567.3,2.7306,55.93,0.9848,103.88,14.59,0.7722,98.88,95.32,26.917,2.796
BATCH_01509,65.71,13.5,174.32,2559.9,2.6533,53.84,0.9354,469.08,28.71,0.7499,98.51,94.6,30.59,14.349
BATCH_01510,76.82,11.43,176.46,2650.3,2.813,56.59,0.9313,98.67,27.65,0.6512,98.89,96.36,30.429,3.002
BATCH_01511,55.87,14.94,183.39,3323.5,2.7218,52.64,0.9221,433.7,27.81,0.6875,99.8,94.33,36.04,15.631
BATCH_01512,63.45,10.75,198.21,3521.5,2.7661,49.11,0.9387,520.22,16.36,0.724,99.8,93.97,32.881,17.106
BATCH_01513,59.27,15.92,195.94,2865.2,2.6648,45.02,0.9812,145.47,21.35,0.7366,99.8,95.22,34.084,4.958
BATCH_01514,50.07,9.0,186.47,2660.6,2.685,54.52,0.939,141.53,21.65,0.7656,98.64,94.7,29.764,4.212
BATCH_01515,64.34,13.37,209.89,2446.8,2.8279,55.04,0.9776,432.08,20.64,0.7334,99.8,96.46,31.476,13.6
BATCH_01516,64.03,13.45,142.03,2940.6,2.7717,61.52,0.9399,159.24,30.97,0.7341,99.8,95.72,30.151,4.801
BATCH_01517,77.11,10.91,192.61,3334.9,2.8401,51.15,0.9512,471.77,23.95,0.7421,99.13,92.66,33.992,16.036
BATCH_01518,70.05,13.35,195.66,2725.8,2.8498,51.7,0.9977,167.04,23.85,0.7228,99.8,95.6,33.769,5.641
BATCH_01519,56.81,15.06,149.01,2086.3,2.7244,48.43,0.9393,423.28,26.21,0.7369,98.96,95.6,26.992,11.425
BATCH_01520,79.83,8.07,142.43,3001.0,2.7098,46.2,0.9497,83.02,26.28,0.7789,96.45,89.68,28.354,2.354
BATCH_01521,74.77,13.51,161.35,3095.6,2.8217,58.14,0.9438,92.25,10.66,0.731,99.57,95.12,32.775,3.024
BATCH_01522,69.66,7.51,163.46,2324.2,2.8497,49.24,0.9287,423.81,21.41,0.7336,99.8,94.76,26.87,11.388
BATCH_01523,63.19,10.57,198.84,2852.9,2.7759,55.35,0.9587,96.4,18.35,0.7339,99.12,94.43,32.016,3.086
BATCH_01524,57.32,15.76,164.64,2935.4,2.809,56.69,0.9499,128.09,25.6,0.7876,98.74,94.13,34.906,4.471
BATCH_01525,62.02,11.34,158.59,2778.1,2.8063,53.01,0.9749,105.83,22.84,0.6918,99.8,94.85,29.608,3.133
BATCH_01526,73.71,10.15,164.71,2562.8,2.7211,59.9,0.9846,484.49,24.06,0.8076,98.93,93.51,30.2,14.632
BATCH_01527,80.08,12.1,207.97,3104.8,2.7649,52.54,0.963,167.62,15.69,0.69,98.73,94.12,33.241,5.572
BATCH_01528,77.35,16.64,180.33,2679.0,2.8166,49.84,0.9225,119.84,22.76,0.7113,98.7,95.65,33.275,3.988
BATCH_01529,61.09,8.84,175.52,2354.4,2.7876,60.23,0.9689,168.88,28.46,0.7677,99.8,93.05,26.927,4.547
BATCH_01530,56.04,10.4,177.25,2185.2,2.6542,59.65,0.9244,157.2,29.64,0.7796,98.33,92.35,28.937,4.549
BATCH_01531,66.13,15.49,212.3,3178.3,2.7173,47.79,0.9687,426.33,26.88,0.6827,99.8,96.28,35.933,15.319
BATCH_01532,50.85,16.22,161.27,2985.0,2.6789,45.44,0.9741,69.77,18.66,0.6956,99.8,95.71,33.459,2.334
BATCH_01533,67.59,12.29,212.89,2826.4,2.6966,46.53,0.9356,114.55,29.04,0.7509,99.54,97.53,33.136,3.796
BATCH_01534,63.82,10.02,185.26,2667.9,2.8311,49.87,0.9847,454.83,26.9,0.834,98.17,92.84,31.17,14.177
BATCH_01535,61.27,16.69,175.99,2641.3,2.6574,61.53,0.992,125.16,23.53,0.7905,98.95,93.61,33.723,4.221
BATCH_01536,52.24,15.69,242.52,2477.3,2.694,54.49,0.9842,122.23,15.9,0.7312,99.8,94.99,34.36,4.2
BATCH_01537,69.11,13.86,153.61,2670.6,2.7119,51.35,0.9441,121.58,27.81,0.6448,99.8,94.78,29.195,3.549
BATCH_01538,60.74,10.88,171.16,2164.0,2.7734,60.11,0.9663,469.31,21.63,0.7453,99.8,95.34,27.836,13.064
BATCH_01539,55.64,12.4,149.19,2579.2,2.7568,52.7,0.9923,89.69,25.38,0.7569,99.69,94.38,29.838,2.676
BATCH_01540,42.02,12.18,203.81,2706.7,2.6937,50.36,0.9453,473.08,24.27,0.7276,99.26,95.18,33.733,15.958
BATCH_01541,64.78,13.16,222.23,2983.0,2.6828,61.0,0.9848,109.01,30.15,0.7093,99.8,95.84,34.916,3.806
BATCH_01542,79.18,15.4,221.75,2788.0,2.6974,59.44,0.9207,125.0,23.5,0.7502,97.49,92.86,36.136,4.517
BATCH_01543,78.29,14.26,210.6,3038.5,2.7505,59.34,0.9203,143.94,23.94,0.7066,98.35,92.5,33.591,4.835
BATCH_01544,61.34,10.35,175.06,3204.7,2.7042,53.71,0.98,422.46,30.31,0.8196,98.16,93.61,34.027,14.375
BATCH_01545,60.18,15.25,170.87,3117.5,2.8395,58.42,0.9802,112.97,21.37,0.8058,98.65,92.3,34.871,3.939
BATCH_01546,68.75,13.13,138.22,2941.2,2.7428,48.05,0.9823,117.04,27.26,0.7719,99.3,93.92,30.654,3.588
BATCH_01547,57.01,13.87,230.9,2803.6,2.6618,54.74,0.9935,385.73,23.21,0.7496,99.8,95.95,34.899,13.462
BATCH_01548,67.41,15.43,191.72,2505.8,2.7959,61.73,0.9293,142.5,19.99,0.7201,99.8,97.24,31.635,4.508
BATCH_01549,71.13,10.28,167.7,3022.0,2.7158,49.95,0.9383,101.99,24.0,0.7461,99.71,93.05,30.147,3.075
BATCH_01550,74.82,12.43,213.2,3303.9,2.7807,58.5,0.9914,106.11,26.77,0.813,98.71,92.98,37.317,3.96
BATCH_01551,64.2,11.44,155.68,2902.6,2.7059,53.34,0.934,476.99,29.41,0.7826,98.93,94.04,29.79,14.21
BATCH_01552,63.37,9.36,190.17,3375.2,2.7641,45.68,0.9739,479.97,29.9,0.7564,99.8,92.97,32.114,15.413
BATCH_01553,57.98,13.19,175.68,2342.3,2.8044,57.97,0.9619,107.69,22.82,0.7857,99.12,94.49,29.735,3.202
BATCH_01554,58.38,17.52,195.97,2453.8,2.8356,47.87,0.9266,468.71,20.05,0.771,99.05,94.2,33.012,15.473
BATCH_01555,63.19,8.82,178.41,3056.6,2.7022,55.74,0.9425,462.51,22.73,0.7655,99.8,94.43,30.839,14.263
BATCH_01556,67.94,12.44,143.73,2879.3,2.717,46.46,0.9611,118.13,19.27,0.7893,98.54,92.67,31.337,3.702
BATCH_01557,72.31,13.78,181.89,3194.1,2.7429,61.1,0.9873,359.23,23.13,0.7712,99.8,94.49,33.746,12.122
BATCH_01558,58.57,12.75,206.22,2795.4,2.8354,49.96,0.9759,161.78,22.63,0.7853,98.24,94.53,32.297,5.225
BATCH_01559,76.94,12.27,179.27,2539.6,2.8303,48.85,0.9691,145.68,26.91,0.7579,99.03,93.63,30.828,4.491
BATCH_01560,62.83,9.9,199.38,2735.9,2.668,47.2,0.9592,119.58,15.18,0.7417,99.8,94.36,30.97,3.703
BATCH_01561,64.83,12.97,153.86,2340.2,2.6764,61.08,0.9436,136.05,21.07,0.7304,98.89,94.74,29.519,4.016
BATCH_01562,59.02,10.99,179.34,2461.4,2.7491,57.1,0.9294,490.27,21.1,0.7261,99.8,95.52,29.028,14.232
BATCH_01563,45.61,8.12,164.39,3091.7,2.6713,57.61,0.9523,325.21,28.75,0.689,99.8,96.05,29.188,9.492
BATCH_01564,72.07,14.89,198.67,3061.8,2.7191,53.49,0.9223,104.88,19.54,0.7172,99.8,96.44,34.664,3.636
BATCH_01565,70.89,14.42,180.79,2908.9,2.6797,53.07,0.9367,495.66,24.91,0.7165,99.8,95.07,33.092,16.403
BATCH_01566,62.75,12.6,197.25,2283.7,2.7772,46.87,0.9542,99.69,23.49,0.7343,99.8,93.86,30.178,3.008
BATCH_01567,65.54,12.96,207.19,2692.5,2.8399,54.52,0.9531,99.31,28.17,0.8175,97.74,93.19,32.911,3.268
BATCH_01568,69.13,14.65,197.29,2432.5,2.8493,49.2,0.9235,446.46,26.38,0.7492,99.8,94.19,30.797,13.75
BATCH_01569,52.5,12.95,186.83,3153.0,2.725,61.61,0.9665,134.0,24.48,0.7656,99.0,95.01,33.383,4.473
BATCH_01570,60.77,14.31,155.04,2624.9,2.7698,58.54,0.9634,442.33,21.78,0.7673,99.43,94.19,31.443,13.908
BATCH_01571,71.35,11.91,179.93,2474.3,2.8213,52.02,0.9262,413.57,16.59,0.8204,97.86,93.41,31.255,12.926
BATCH_01572,54.97,15.12,166.67,2808.9,2.6735,47.57,0.9945,136.78,24.99,0.7343,98.73,94.06,32.031,4.381
BATCH_01573,67.35,13.14,171.4,2608.0,2.7879,58.35,0.9279,85.49,26.12,0.7489,99.01,94.82,31.918,2.729
BATCH_01574,54.15,12.89,170.64,3245.1,2.7318,47.07,0.9875,99.82,17.7,0.754,98.78,93.84,33.264,3.32
BATCH_01575,68.73,9.96,155.5,2579.6,2.6912,48.22,0.92,482.12,19.07,0.8041,99.01,91.97,27.562,13.288
BATCH_01576,64.71,13.07,131.07,2380.2,2.7306,48.6,0.9897,469.63,25.01,0.8129,98.14,92.09,27.009,12.684
BATCH_01577,52.08,10.84,163.3,2154.1,2.6652,54.47,0.9216,491.7,25.36,0.7785,98.67,93.33,28.596,14.06
BATCH_01578,74.32,11.22,184.83,2790.8,2.7891,58.38,0.9799,499.52,20.04,0.8093,97.96,94.29,31.353,15.661
BATCH_01579,59.12,10.87,146.3,2631.4,2.7005,50.34,0.9486,381.62,21.7,0.7676,99.23,93.6,27.655,10.554
BATCH_01580,58.52,10.37,180.39,2371.3,2.7123,46.44,0.9783,112.42,16.65,0.754,99.13,93.27,27.128,3.05
BATCH_01581,66.6,16.75,227.51,3156.8,2.6742,52.9,0.9517,95.8,29.51,0.8085,98.95,93.2,37.874,3.628
BATCH_01582,74.19,15.16,205.58,3000.2,2.8229,57.72,0.9256,458.98,18.8,0.7813,99.04,93.83,35.769,16.417
BATCH_01583,56.87,16.34,221.09,2791.5,2.7487,48.77,0.9806,429.85,26.17,0.7328,99.58,94.62,35.141,15.105
BATCH_01584,65.49,10.05,189.78,3209.3,2.7644,48.74,0.9256,132.79,23.86,0.8026,98.93,93.07,32.063,4.258
BATCH_01585,68.43,12.64,209.19,2998.8,2.7639,61.1,0.9928,80.25,29.16,0.7548,99.5,95.5,33.664,2.701
BATCH_01586,70.54,9.91,161.9,2553.1,2.7321,61.22,0.924,119.57,20.83,0.7504,99.45,95.31,29.467,3.523
BATCH_01587,66.41,11.11,163.89,2488.2,2.6885,61.84,0.9579,463.8,24.25,0.7998,97.89,93.89,28.156,13.059
BATCH_01588,62.06,10.66,111.52,3045.4,2.799,58.73,0.9771,498.23,17.21,0.761,99.32,93.17,27.878,13.889
BATCH_01589,58.38,14.98,209.65,2918.9,2.6754,48.2,0.9511,123.32,16.25,0.7805,99.11,96.71,36.189,4.463
BATCH_01590,65.69,11.71,218.51,2850.9,2.6708,48.6,0.9372,106.24,26.39,0.7919,99.39,94.57,34.116,3.624
BATCH_01591,56.42,14.64,166.17,2546.1,2.792,50.78,0.98,154.55,16.86,0.7345,99.46,95.58,31.217,4.825
BATCH_01592,41.63,13.71,173.65,2982.4,2.6918,50.41,0.982,149.7,23.09,0.7817,99.8,92.63,32.485,4.863
BATCH_01593,68.49,17.11,161.15,2573.4,2.7114,61.26,0.9929,404.8,28.05,0.8207,98.59,93.69,32.834,13.291
BATCH_01594,72.23,9.54,189.57,2769.4,2.745,58.41,0.9497,107.63,26.99,0.7289,99.12,94.72,29.952,3.224
BATCH_01595,46.1,15.02,208.12,3234.1,2.7399,57.31,0.96,95.94,21.34,0.7857,98.46,93.49,35.772,3.432
BATCH_01596,56.92,14.79,136.43,2601.7,2.7917,48.16,0.9487,419.11,17.65,0.7349,99.8,93.38,29.031,12.167
BATCH_01597,69.95,10.55,190.24,2328.1,2.7747,60.46,0.9403,116.24,26.04,0.8094,99.03,91.8,30.341,3.527
BATCH_01598,81.46,14.51,173.08,2484.2,2.7789,59.07,0.9793,104.78,29.37,0.8095,95.91,90.38,31.545,3.305
BATCH_01599,65.17,13.17,182.83,3098.3,2.7928,47.78,0.9468,408.09,21.35,0.7553,99.47,95.51,33.721,13.761
BATCH_01600,59.18,12.05,191.47,2876.4,2.7085,59.81,0.9538,455.79,20.79,0.8583,96.98,92.41,33.204,15.134
BATCH_01601,63.54,10.85,175.29,2761.3,2.7145,49.63,0.9519,500.85,21.9,0.8146,99.0,93.56,31.246,15.65
BATCH_01602,76.0,11.06,177.41,2647.3,2.7376,46.37,0.9763,460.78,26.29,0.7991,97.78,92.78,30.35,13.985
BATCH_01603,59.83,16.6,174.65,2945.6,2.7115,56.17,0.9925,136.63,28.91,0.7973,99.16,92.97,34.165,4.668
BATCH_01604,58.61,12.5,204.26,2545.3,2.847,56.11,0.9727,147.52,19.04,0.8111,99.12,93.29,31.681,4.674
BATCH_01605,61.14,14.06,190.47,2891.7,2.8128,46.61,0.9573,526.95,18.01,0.7323,99.8,95.95,32.22,16.978
BATCH_01606,57.37,10.92,185.51,2580.6,2.6829,50.42,0.9816,485.28,33.36,0.7804,99.5,93.83,29.596,14.362
BATCH_01607,65.98,10.94,148.23,2530.7,2.6511,61.88,0.9706,101.81,23.29,0.7884,99.77,94.82,28.201,2.871
BATCH_01608,78.0,14.66,170.54,2608.8,2.6586,56.53,0.9248,476.43,25.01,0.7575,98.25,92.79,30.424,14.495
BATCH_01609,67.58,9.8,202.47,2687.4,2.6988,57.41,0.9276,497.12,21.23,0.7926,98.6,92.52,30.146,14.986
BATCH_01610,62.98,11.67,180.94,2785.4,2.6729,48.62,0.923,420.71,25.96,0.8237,98.09,92.65,32.6,13.715
BATCH_01611,62.67,12.57,196.49,2870.6,2.7567,46.34,0.9561,110.69,27.84,0.758,99.0,94.54,33.116,3.666
BATCH_01612,52.49,12.72,224.16,1800.0,2.8216,49.71,0.9852,520.59,25.2,0.7731,98.77,93.94,29.858,15.544
BATCH_01613,72.06,12.14,205.97,2557.7,2.7974,49.23,0.9447,133.72,30.96,0.7429,99.8,96.12,33.651,4.5
BATCH_01614,64.38,13.29,182.33,2682.5,2.6931,48.99,0.9503,408.38,22.69,0.7047,99.8,96.68,30.198,12.332
BATCH_01615,63.56,13.89,167.23,3251.5,2.7299,48.28,0.9918,471.24,22.95,0.8078,98.71,91.66,34.804,16.401
BATCH_01616,90.54,13.97,116.16,2476.0,2.7516,54.77,0.9861,440.61,24.93,0.7761,92.14,88.02,28.118,12.389
BATCH_01617,67.39,10.53,175.79,2848.8,2.812,50.58,0.9725,96.69,25.86,0.7795,98.97,91.11,31.495,3.045
BATCH_01618,58.99,11.93,171.85,3248.5,2.8178,58.95,0.9411,166.47,24.91,0.7385,99.8,97.11,32.838,5.467
BATCH_01619,61.59,14.89,189.76,2406.1,2.8319,48.13,0.9292,511.34,18.86,0.771,98.52,93.79,30.567,15.63
BATCH_01620,74.19,14.29,176.15,2918.2,2.7518,52.9,0.9213,480.32,25.25,0.8228,98.14,92.5,33.526,16.103
BATCH_01621,65.91,9.75,171.99,2559.3,2.7889,45.23,0.9285,98.61,22.5,0.7794,98.0,93.8,29.374,2.897
BATCH_01622,53.49,13.2,135.52,2648.6,2.6724,53.19,0.9431,149.49,21.68,0.781,98.28,94.2,27.735,4.146
BATCH_01623,72.35,8.54,156.5,2559.1,2.7631,45.95,0.9636,443.8,24.13,0.7886,99.24,93.61,29.299,13.003
BATCH_01624,59.65,12.59,191.92,2580.4,2.6997,61.62,0.9251,135.73,20.15,0.7313,99.63,95.02,31.636,4.294
BATCH_01625,79.99,16.3,222.9,3600.0,2.7363,58.44,0.9308,522.84,19.46,0.8062,97.37,92.05,40.013,20.921
BATCH_01626,73.64,10.6,177.56,3053.3,2.7768,53.33,0.9343,366.53,13.54,0.7314,99.8,95.72,30.569,11.204
BATCH_01627,61.42,10.83,188.2,3130.5,2.7014,46.47,0.9699,495.88,30.99,0.7445,99.8,93.84,33.1,16.414
BATCH_01628,75.25,14.03,203.81,2947.6,2.6604,55.07,0.9686,103.28,26.22,0.7405,99.07,95.53,35.148,3.63
BATCH_01629,65.54,9.41,159.73,2318.1,2.652,57.9,0.9635,515.27,23.53,0.776,98.87,94.47,27.526,14.184
BATCH_01630,71.82,11.23,189.17,2918.5,2.6544,48.24,0.9398,134.53,21.33,0.7693,98.77,93.58,32.117,4.321
BATCH_01631,68.88,13.69,161.49,3121.9,2.6517,54.66,0.9493,80.67,12.5,0.7838,98.36,94.53,32.245,2.601
BATCH_01632,58.23,11.23,201.62,2544.0,2.6721,58.84,0.9276,123.8,21.09,0.7481,99.8,94.54,30.937,3.83
BATCH_01633,59.85,12.03,183.79,3089.6,2.6979,58.06,0.9379,476.39,26.86,0.825,98.56,92.4,32.915,15.68
BATCH_01634,73.24,13.99,187.46,3011.3,2.6942,58.65,0.9909,415.04,27.77,0.8186,98.55,92.55,34.657,14.384
BATCH_01635,62.32,13.34,160.44,3355.6,2.8474,59.95,0.9974,110.18,26.57,0.7787,98.66,91.45,32.942,3.63
BATCH_01636,61.77,13.03,197.68,2674.7,2.7112,60.94,0.9712,147.68,24.63,0.767,99.4,93.66,32.971,4.869
BATCH_01637,57.36,11.82,232.12,2470.7,2.6755,51.89,0.9924,107.14,29.22,0.7634,98.39,95.0,32.085,3.438
BATCH_01638,68.39,13.24,154.8,2691.5,2.7591,54.67,0.9708,412.23,22.69,0.7746,99.76,93.96,30.393,12.529
BATCH_01639,81.5,12.25,171.51,3230.7,2.8216,58.44,0.9226,465.2,28.34,0.7315,96.53,90.75,33.28,15.482
BATCH_01640,56.46,13.42,185.79,2251.5,2.7856,56.85,0.9987,93.3,22.46,0.7495,99.05,95.63,29.759,2.777
BATCH_01641,65.19,11.51,199.66,2179.5,2.7092,61.92,0.9278,479.19,20.48,0.8228,98.2,92.39,30.706,14.714
BATCH_01642,76.3,12.13,166.01,2826.8,2.7623,45.23,0.9739,188.72,19.98,0.8009,98.21,91.43,31.728,5.988
BATCH_01643,64.36,10.52,109.17,2667.2,2.793,51.04,0.94,453.32,19.74,0.8546,97.56,94.03,27.077,12.274
BATCH_01644,68.62,12.43,213.98,2802.3,2.7956,49.78,0.951,465.86,26.64,0.7778,98.45,92.85,34.522,16.082
BATCH_01645,56.5,10.88,199.01,3083.6,2.7833,49.46,0.971,550.81,21.03,0.7757,99.65,94.84,33.191,18.282
BATCH_01646,68.43,10.27,136.43,2634.2,2.8242,48.78,0.9545,406.56,19.87,0.7743,98.23,93.22,28.751,11.689
BATCH_01647,63.5,13.02,164.81,2238.1,2.824,57.06,0.9398,513.61,26.85,0.7783,98.23,94.02,30.629,15.731
BATCH_01648,72.89,12.93,219.2,3413.3,2.7658,46.44,0.9464,148.31,25.31,0.7651,99.17,93.34,36.287,5.382
BATCH_01649,74.5,14.07,216.19,2500.8,2.736,57.61,0.947,498.44,27.85,0.8028,97.91,91.98,34.049,16.972
BATCH_01650,85.72,11.64,203.47,2482.3,2.7783,56.79,0.9958,518.13,26.05,0.7936,95.13,88.85,30.958,16.04
BATCH_01651,69.64,13.32,175.6,3131.1,2.8136,49.26,0.9831,150.19,20.99,0.7725,98.57,94.45,32.601,4.896
BATCH_01652,67.61,13.6,182.07,2684.7,2.6511,49.3,0.9562,111.09,24.3,0.8434,98.61,93.27,32.422,3.602
BATCH_01653,66.56,13.39,176.73,2781.0,2.8484,55.69,0.9358,509.26,24.5,0.8696,97.84,91.39,31.664,16.125
BATCH_01654,62.17,10.85,208.21,2944.8,2.6866,57.96,0.9841,141.98,20.32,0.8409,98.55,94.42,32.691,4.642
BATCH_01655,67.71,12.8,158.1,3125.1,2.744,59.9,0.9324,98.72,19.58,0.817,99.2,93.11,33.015,3.259
BATCH_01656,62.64,13.23,159.86,2700.0,2.8244,59.49,0.9366,462.0,21.28,0.8256,98.15,93.18,30.803,14.231
BATCH_01657,66.35,12.51,205.26,3256.0,2.695,61.4,0.9489,427.77,32.15,0.8698,96.83,90.06,36.183,15.478
BATCH_01658,75.54,8.33,178.89,2159.3,2.7454,54.88,0.9895,115.43,22.35,0.8264,97.94,91.71,27.634,3.19
BATCH_01659,56.95,12.82,214.46,3027.9,2.6765,60.45,0.9304,502.4,28.93,0.7731,98.76,94.55,36.179,18.176
BATCH_01660,74.12,16.93,163.21,2548.1,2.729,58.74,0.9297,135.92,22.13,0.8126,97.98,92.88,33.081,4.497
BATCH_01661,75.54,11.78,178.63,3211.7,2.6854,60.21,0.959,131.61,27.56,0.8224,98.08,92.62,34.298,4.514
BATCH_01662,64.06,11.04,156.94,2842.6,2.7227,45.2,0.9418,111.01,27.61,0.758,99.18,93.62,30.356,3.37
BATCH_01663,48.03,13.25,180.18,2598.1,2.7247,61.42,0.9649,401.1,27.81,0.7869,98.49,93.78,31.83,12.767
BATCH_01664,60.14,13.12,143.04,2998.9,2.8486,53.05,0.9557,504.32,25.55,0.8427,97.72,92.26,32.557,16.419
BATCH_01665,75.38,14.89,167.81,3068.0,2.849,58.57,0.9544,149.76,29.51,0.7262,99.8,93.93,33.857,5.07
BATCH_01666,64.82,9.98,144.09,2992.6,2.673,47.16,0.9288,112.93,25.51,0.7496,99.8,95.3,29.54,3.336
BATCH_01667,57.01,13.96,197.35,2491.1,2.7952,51.73,0.9311,408.28,30.85,0.793,97.89,91.79,32.598,13.309
BATCH_01668,60.96,13.68,197.91,2654.8,2.6603,49.61,0.9849,134.13,17.52,0.8147,98.25,93.09,33.537,4.498
BATCH_01669,71.72,12.22,136.74,2798.8,2.656,49.96,0.99,474.48,25.39,0.7467,99.57,96.51,28.864,13.695
BATCH_01670,69.37,13.18,213.35,2787.6,2.6711,47.1,0.9385,424.84,25.13,0.7964,98.05,94.08,33.451,14.211
BATCH_01671,63.09,14.56,242.44,3024.9,2.8431,58.7,0.929,97.19,20.25,0.848,97.63,92.68,38.639,3.755
BATCH_01672,62.07,14.24,181.15,2195.5,2.8382,45.16,0.9242,433.43,26.32,0.8051,98.53,92.27,32.161,13.94
BATCH_01673,61.87,10.21,163.97,2900.3,2.6888,50.31,0.9681,493.73,18.04,0.8403,98.17,93.98,29.966,14.795
BATCH_01674,57.62,14.14,250.61,2713.0,2.6823,47.96,0.9765,447.66,21.38,0.7795,99.06,95.23,35.456,15.872
BATCH_01675,77.92,12.37,147.03,2548.4,2.6981,55.01,0.9495,107.9,16.0,0.7713,97.51,91.83,30.07,3.245
BATCH_01676,62.42,12.65,180.5,2577.3,2.7531,49.32,0.9737,415.79,30.23,0.8381,98.97,91.8,31.953,13.286
BATCH_01677,74.74,12.65,184.49,2735.6,2.7639,49.4,0.9763,111.8,23.07,0.8193,98.72,94.03,32.779,3.665
BATCH_01678,77.17,12.2,213.63,1800.0,2.6943,53.3,0.9939,122.76,32.67,0.7576,98.86,95.2,30.03,3.686
BATCH_01679,72.99,14.88,188.99,2589.6,2.8013,56.1,0.9251,157.88,27.21,0.7734,99.53,92.75,32.581,5.144
BATCH_01680,61.55,12.33,167.53,2537.3,2.7119,47.06,0.9352,533.07,25.79,0.8685,97.46,90.45,31.012,16.532
BATCH_01681,68.23,10.26,156.22,2959.8,2.8344,47.98,0.9254,88.97,21.66,0.7694,99.74,93.98,30.326,2.698
BATCH_01682,64.81,11.71,171.45,2558.3,2.7813,49.2,0.9886,435.94,19.81,0.8442,97.91,89.94,29.854,13.014
BATCH_01683,57.77,12.86,154.83,2735.5,2.7373,61.55,0.9826,151.41,26.09,0.7882,98.88,93.64,30.916,4.681
BATCH_01684,67.59,14.96,181.2,3262.7,2.808,51.75,0.9654,441.49,23.71,0.8076,98.81,94.28,36.328,16.039
BATCH_01685,55.57,13.71,165.9,3098.3,2.8136,55.18,0.9266,429.78,18.64,0.82,98.98,91.32,33.06,14.209
BATCH_01686,74.5,10.8,142.65,3070.7,2.7081,49.11,0.9416,99.53,17.93,0.7246,99.8,95.46,30.006,2.986
BATCH_01687,61.28,17.47,211.38,2650.0,2.7179,53.34,0.9435,459.34,20.17,0.7506,99.77,94.05,35.531,16.321
BATCH_01688,66.61,13.03,167.56,2962.9,2.8372,46.26,0.9643,402.15,31.28,0.813,98.65,94.59,32.235,12.963
BATCH_01689,67.27,15.05,148.3,2729.8,2.6829,45.59,0.9404,458.46,32.85,0.781,99.27,93.24,31.979,14.661
BATCH_01690,62.93,12.2,175.79,2741.2,2.6584,52.97,0.9258,181.88,24.82,0.8503,98.14,93.46,31.242,5.682
BATCH_01691,69.69,13.57,181.71,2922.9,2.7408,51.78,0.9777,437.08,24.6,0.7466,99.8,94.14,33.932,14.831
BATCH_01692,61.2,14.18,136.34,2620.9,2.8102,47.33,0.9436,468.76,22.65,0.8339,97.86,93.15,30.784,14.431
BATCH_01693,71.97,14.94,188.29,3247.9,2.8043,56.69,0.9557,500.8,20.26,0.7567,99.8,94.72,34.542,17.298
BATCH_01694,54.23,14.61,153.82,2752.0,2.8339,61.88,0.9301,95.63,29.5,0.7981,98.77,93.21,33.04,3.16
BATCH_01695,66.01,14.24,222.78,2985.5,2.7566,51.73,0.9834,473.16,31.49,0.7701,99.53,93.32,35.818,16.948
BATCH_01696,80.51,11.87,193.1,3236.7,2.67,55.62,0.9647,443.69,20.43,0.8892,95.51,88.57,34.134,15.145
BATCH_01697,57.0,11.36,170.0,3109.5,2.7677,61.37,0.9912,449.57,23.67,0.76,99.78,93.94,32.819,14.754
BATCH_01698,59.58,13.17,161.37,2377.3,2.8057,59.14,0.9591,416.8,22.2,0.8091,98.91,92.36,30.254,12.61
BATCH_01699,69.11,14.37,177.38,2933.5,2.6687,52.88,0.9944,135.83,22.32,0.7454,99.48,96.25,31.692,4.305
BATCH_01700,66.44,12.05,195.32,3055.2,2.6845,57.54,0.9905,90.53,28.74,0.8789,98.01,91.72,33.708,3.051
BATCH_01701,67.81,14.63,179.36,3067.6,2.6525,47.18,0.9655,103.19,18.75,0.8314,98.41,93.09,34.669,3.578
BATCH_01702,68.91,15.41,174.57,2466.0,2.7687,53.71,0.9938,396.83,25.87,0.8213,98.37,92.33,30.42,12.072
BATCH_01703,70.08,10.67,181.46,2602.9,2.8273,49.74,0.9455,105.92,26.91,0.8753,97.79,91.08,30.931,3.276
BATCH_01704,73.88,10.83,164.9,3098.4,2.7841,47.74,0.9489,444.08,23.43,0.8226,99.48,92.44,31.886,14.16
BATCH_01705,68.28,12.22,171.42,2571.5,2.8464,52.25,0.9236,131.87,27.57,0.826,97.5,92.94,29.796,3.929
BATCH_01706,63.07,13.12,127.86,2710.1,2.6626,47.23,0.9665,486.07,24.59,0.8229,97.82,93.32,29.793,14.482
BATCH_01707,70.38,11.45,204.34,3272.8,2.8306,56.88,0.977,102.43,28.87,0.8406,99.27,92.17,34.885,3.573
BATCH_01708,80.2,15.2,187.47,2785.7,2.8128,52.76,0.9811,440.29,17.91,0.7988,96.82,90.04,32.865,14.47
BATCH_01709,63.94,13.35,160.66,2582.0,2.7128,54.03,0.9318,492.43,22.6,0.8104,98.47,93.78,31.483,15.503
BATCH_01710,57.2,12.58,227.47,2536.7,2.8447,47.49,0.9551,145.81,23.71,0.8518,97.62,91.93,34.436,5.021
BATCH_01711,73.86,9.63,182.18,2899.8,2.7076,47.38,0.934,97.86,13.31,0.831,98.61,91.02,31.013,3.035
BATCH_01712,64.04,9.87,154.1,2400.1,2.8279,54.92,0.9723,113.43,19.66,0.8158,99.67,90.74,27.712,3.143
BATCH_01713,47.62,13.06,201.42,2725.8,2.8261,61.75,0.9325,121.12,20.75,0.7648,98.87,94.55,33.493,4.057
BATCH_01714,71.78,8.23,189.95,2900.0,2.8015,46.64,0.9914,136.57,27.79,0.8812,97.17,90.28,31.056,4.241
BATCH_01715,60.72,14.53,189.86,3189.7,2.7627,49.86,0.9382,428.55,21.17,0.7952,98.49,93.86,33.623,14.409
BATCH_01716,64.28,12.18,169.36,3000.3,2.674,59.78,0.943,87.09,20.73,0.8616,97.84,90.86,32.957,2.87
BATCH_01717,67.66,18.99,191.26,2585.8,2.7564,46.23,0.9872,136.85,27.27,0.8296,98.75,92.63,34.774,4.759
BATCH_01718,66.52,17.12,173.46,3153.5,2.7214,59.89,0.9562,82.05,17.53,0.7713,99.8,93.7,35.117,2.881
BATCH_01719,70.68,12.14,193.9,2710.1,2.8084,53.91,0.9219,468.05,15.72,0.8736,97.6,93.07,33.853,15.845
BATCH_01720,61.52,12.29,132.38,2429.3,2.8016,51.94,0.9591,116.1,22.55,0.8341,99.26,93.33,28.204,3.275
BATCH_01721,69.1,14.49,169.15,2748.4,2.8321,50.26,0.9267,81.31,18.21,0.8778,96.87,92.55,32.887,2.674
BATCH_01722,62.92,15.91,223.05,3231.5,2.653,50.05,0.9978,479.1,18.36,0.8175,97.96,92.85,38.284,18.342
BATCH_01723,70.91,9.22,160.82,2849.6,2.8118,50.2,0.9665,480.6,26.29,0.8534,98.41,92.68,30.311,14.567
BATCH_01724,69.92,8.93,164.9,2803.8,2.8377,60.04,0.9403,512.43,27.5,0.7552,99.45,94.6,28.395,14.551
BATCH_01725,57.52,11.26,168.8,3291.2,2.8079,57.3,0.9645,120.5,27.16,0.8062,97.83,94.6,32.8,3.952
BATCH_01726,73.69,13.67,149.63,2370.6,2.676,56.39,0.9261,403.22,28.44,0.7757,98.83,93.88,29.323,11.824
BATCH_01727,60.71,13.49,124.79,2414.3,2.6663,58.58,0.9832,514.31,28.96,0.8121,98.58,91.58,28.59,14.704
BATCH_01728,71.46,14.64,174.24,2315.2,2.6542,49.37,0.9931,466.11,15.49,0.8464,97.53,90.05,31.514,14.689
BATCH_01729,67.94,10.1,183.4,2911.8,2.7757,55.51,0.9891,112.53,25.8,0.8038,98.1,94.87,33.499,3.769
BATCH_01730,79.71,7.87,178.69,2849.9,2.7759,52.82,0.947,431.5,21.88,0.863,95.47,89.82,29.199,12.599
BATCH_01731,63.21,14.22,176.38,3262.8,2.8474,58.3,0.9457,432.24,21.01,0.7946,98.16,93.99,35.401,15.302
BATCH_01732,62.21,10.84,181.08,2873.0,2.7296,50.26,0.9228,69.5,26.24,0.8647,97.7,93.04,32.897,2.286
BATCH_01733,64.84,8.46,205.57,2678.8,2.7164,55.93,0.9715,147.28,17.08,0.8822,96.19,89.43,31.636,4.659
BATCH_01734,62.57,12.79,175.24,2800.5,2.7749,60.0,0.9623,495.27,17.0,0.8708,97.4,91.03,31.925,15.812
BATCH_01735,71.4,14.09,165.65,2835.3,2.8151,51.84,0.9563,143.1,26.53,0.8169,98.57,92.61,33.778,4.834
BATCH_01736,52.07,12.26,172.97,2298.5,2.8374,46.13,0.9917,106.24,25.95,0.7461,99.61,95.5,27.475,2.919
BATCH_01737,56.57,11.58,194.48,3600.0,2.8106,53.77,0.9333,465.92,24.55,0.8549,98.13,91.13,35.313,16.453
BATCH_01738,56.46,12.18,215.3,2956.0,2.7353,50.88,0.9208,452.11,20.48,0.827,97.37,91.37,35.399,16.004
BATCH_01739,72.6,11.76,164.3,2863.0,2.777,56.43,0.9258,96.48,26.98,0.7934,98.32,92.27,30.799,2.971
BATCH_01740,78.68,9.8,182.47,2984.5,2.8213,61.17,0.9376,443.18,26.72,0.8107,96.74,92.39,32.837,14.553
BATCH_01741,64.16,11.07,188.46,3012.8,2.7481,53.26,0.9226,476.65,24.34,0.8908,97.27,90.11,31.959,15.233
BATCH_01742,63.65,13.54,155.19,2757.8,2.6933,52.93,0.9597,135.02,19.29,0.7883,98.94,93.06,30.248,4.084
BATCH_01743,65.56,13.14,180.51,2610.6,2.6839,56.13,0.9448,123.49,22.3,0.853,98.71,92.5,31.597,3.902
BATCH_01744,74.3,12.84,143.36,2979.8,2.65,46.76,0.9343,139.56,27.35,0.8435,97.38,91.43,31.75,4.431
BATCH_01745,57.58,10.51,135.77,2915.7,2.7936,49.31,0.9793,423.82,29.31,0.8209,97.58,91.03,29.215,12.382
BATCH_01746,66.91,12.14,189.17,2557.0,2.6722,60.62,0.9362,109.48,22.69,0.8614,98.36,90.06,31.367,3.434
BATCH_01747,72.8,8.15,170.4,3225.7,2.6988,56.39,0.9743,399.34,23.0,0.9014,96.11,90.51,32.763,13.083
BATCH_01748,69.01,12.86,185.06,2888.0,2.7096,45.23,0.9476,107.21,23.35,0.8247,98.49,93.13,34.233,3.67
BATCH_01749,66.52,15.36,179.55,3018.9,2.7621,48.48,0.9604,114.74,25.1,0.8273,97.64,92.36,34.29,3.934
BATCH_01750,73.01,9.55,155.59,3217.6,2.7296,56.61,0.9938,95.82,21.68,0.8623,96.53,92.05,29.981,2.873
BATCH_01751,43.37,11.33,178.87,2806.6,2.7849,57.99,0.923,440.15,12.42,0.8746,97.02,89.67,30.17,13.28
BATCH_01752,70.42,13.16,149.17,2895.1,2.6611,59.28,0.9595,146.88,28.77,0.8332,98.47,90.86,31.664,4.651
BATCH_01753,59.77,15.01,214.77,3043.0,2.6748,49.97,0.9875,99.58,31.18,0.8266,97.59,94.84,36.811,3.666
BATCH_01754,50.35,11.6,146.1,2582.5,2.7498,60.83,0.9664,152.03,21.55,0.7505,99.8,95.87,28.753,4.371
BATCH_01755,69.09,11.12,175.11,2816.2,2.7174,54.4,0.9419,490.46,19.73,0.8086,98.81,93.84,31.147,15.277
BATCH_01756,75.99,8.56,153.94,2837.7,2.7092,56.84,0.9514,126.03,23.45,0.7946,97.67,92.31,28.135,3.546
BATCH_01757,63.9,12.71,194.26,2513.2,2.6634,55.14,0.9737,460.61,23.25,0.868,97.31,91.23,32.709,15.066
BATCH_01758,72.62,16.58,171.71,3495.3,2.8291,47.09,0.9904,74.82,27.98,0.8313,98.91,92.45,38.158,2.855
BATCH_01759,77.9,13.05,167.03,2377.8,2.7884,61.37,0.9232,123.6,24.22,0.8302,97.17,92.41,28.448,3.516
BATCH_01760,75.52,12.46,201.33,2410.6,2.6743,47.09,0.9257,429.59,20.83,0.8416,97.46,92.33,31.76,13.644
BATCH_01761,78.12,13.14,180.74,3194.3,2.663,49.33,0.9457,438.09,18.73,0.8076,97.41,92.12,33.297,14.587
BATCH_01762,70.94,12.48,192.92,3014.0,2.845,58.83,0.9384,429.9,27.46,0.905,96.34,90.3,33.047,14.207
BATCH_01763,65.6,10.87,155.47,2492.2,2.7862,55.52,0.9409,138.37,26.4,0.8952,97.42,91.52,28.457,3.938
BATCH_01764,52.18,14.15,144.88,2982.2,2.7335,59.25,0.9375,524.18,28.24,0.9085,97.18,90.67,32.926,17.259
BATCH_01765,63.03,12.95,182.68,3240.4,2.7903,53.77,0.9355,120.77,20.13,0.8715,97.34,91.41,34.992,4.226
BATCH_01766,58.25,12.54,172.03,2790.9,2.8013,51.41,0.9303,181.92,31.35,0.8435,97.89,91.38,33.101,6.022
BATCH_01767,82.37,10.55,195.66,3579.6,2.806,60.67,0.9938,432.98,17.03,0.9097,93.27,86.69,35.648,15.435
BATCH_01768,63.59,15.11,178.0,2282.8,2.7456,45.62,0.9314,476.77,26.84,0.8183,97.56,91.73,30.001,14.304
BATCH_01769,65.99,13.83,185.13,3008.1,2.736,59.55,0.9361,111.93,16.36,0.8111,98.18,92.96,33.747,3.777
BATCH_01770,69.41,11.39,139.42,3150.0,2.6522,48.92,0.9395,137.67,20.84,0.8224,98.13,92.78,29.884,4.114
BATCH_01771,65.35,14.5,227.21,3067.4,2.8353,59.43,0.9937,520.52,30.24,0.8678,98.0,89.06,36.041,18.76
BATCH_01772,78.56,11.5,175.89,2738.7,2.7707,47.37,0.9797,432.4,27.33,0.8169,97.39,90.91,31.659,13.689
BATCH_01773,60.02,10.94,197.44,2712.9,2.6906,54.86,0.9824,147.97,21.82,0.8416,98.01,91.0,32.182,4.762
BATCH_01774,66.56,10.98,159.1,2933.2,2.8339,60.1,0.9283,175.53,21.92,0.7842,99.44,94.23,31.111,5.461
BATCH_01775,59.06,8.96,187.7,3044.7,2.833,53.05,0.9861,426.99,24.4,0.8679,96.98,92.1,31.697,13.534
BATCH_01776,54.44,13.44,147.43,2980.7,2.8478,57.69,0.9522,419.95,26.06,0.7885,99.35,93.19,32.222,13.531
BATCH_01777,60.11,8.84,191.3,3112.0,2.8248,58.68,0.9408,447.57,29.01,0.8123,97.96,93.52,31.676,14.177
BATCH_01778,64.7,10.04,171.1,2494.3,2.8496,57.52,0.9655,120.48,22.18,0.8987,97.47,91.23,30.624,3.69
BATCH_01779,61.57,8.35,180.73,2731.7,2.6989,60.73,0.985,465.45,17.55,0.8977,96.9,90.43,30.527,14.209
BATCH_01780,59.46,12.33,197.45,2518.0,2.8184,52.6,0.9815,139.92,24.63,0.8659,96.48,93.05,31.982,4.475
BATCH_01781,53.75,12.2,149.19,2684.2,2.8146,47.94,0.9903,476.23,22.17,0.8624,97.92,90.89,30.478,14.514
BATCH_01782,64.34,11.85,162.89,3104.6,2.6962,45.81,0.9933,117.26,18.8,0.8306,98.54,93.94,32.266,3.783
BATCH_01783,52.96,10.41,191.43,2832.4,2.6697,49.19,0.9388,158.34,25.19,0.8214,97.96,92.5,33.072,5.237
BATCH_01784,71.08,10.16,232.46,3582.1,2.8459,47.43,0.9535,158.25,23.15,0.8383,97.73,91.42,37.012,5.857
BATCH_01785,65.66,13.43,176.55,2858.0,2.7092,54.49,0.9212,371.53,25.23,0.7927,98.59,93.15,32.572,12.102
BATCH_01786,53.34,11.4,194.78,2817.9,2.8242,48.14,0.9895,107.1,20.42,0.8637,96.57,90.48,32.514,3.482
BATCH_01787,62.53,13.13,177.33,2831.9,2.6508,45.66,0.9322,537.52,25.95,0.8561,96.37,92.57,33.437,17.973
BATCH_01788,58.98,10.73,228.56,2608.7,2.6542,45.61,0.9881,324.53,18.73,0.8172,99.02,91.23,33.463,10.86
BATCH_01789,67.55,12.86,136.32,2782.6,2.7432,59.14,0.946,491.02,20.69,0.9177,96.06,91.51,30.553,15.002
BATCH_01790,75.72,15.11,182.37,3138.3,2.6977,55.05,0.9491,89.71,23.03,0.8797,97.8,89.86,34.522,3.097
BATCH_01791,50.0,13.67,139.36,2834.2,2.788,51.09,0.9231,136.92,30.97,0.8836,97.73,91.88,30.618,4.192
BATCH_01792,65.92,11.68,117.34,2562.0,2.7631,60.2,0.9458,92.97,27.14,0.8369,98.71,92.33,27.634,2.569
BATCH_01793,63.72,13.01,187.44,2522.5,2.6655,46.19,0.9902,140.59,28.31,0.8568,97.33,92.04,33.051,4.647
BATCH_01794,70.37,12.02,183.49,2664.9,2.6825,61.67,0.922,494.89,29.67,0.8823,96.26,90.49,31.779,15.727
BATCH_01795,66.71,12.52,172.88,2822.2,2.7276,55.48,0.9521,153.34,38.41,0.8638,96.91,91.93,31.747,4.868
BATCH_01796,58.98,11.85,177.35,3158.1,2.6871,48.12,0.9225,148.54,24.17,0.9222,96.12,90.13,32.405,4.813
BATCH_01797,62.45,12.17,257.46,2397.9,2.8084,56.54,0.9493,155.88,29.68,0.8505,96.5,90.48,35.694,5.564
BATCH_01798,58.63,12.92,173.55,2704.1,2.7332,57.98,0.9336,156.52,28.05,0.8389,97.63,91.29,32.294,5.055
BATCH_01799,73.61,10.51,192.75,2843.3,2.6687,52.3,0.9399,123.59,27.98,0.8849,96.95,90.47,33.006,4.079
BATCH_01800,65.17,10.47,163.77,2249.9,2.7469,59.65,0.9893,91.03,31.1,0.8094,97.86,92.29,28.801,2.622
BATCH_01801,80.21,9.72,187.38,2549.9,2.6682,47.56,0.9544,93.69,22.32,0.8974,94.25,89.42,30.455,2.853
BATCH_01802,64.51,9.3,174.04,2596.0,2.6758,49.74,0.9416,508.54,22.01,0.8088,98.31,93.07,29.371,14.936
BATCH_01803,59.33,10.07,169.74,2561.2,2.6979,46.59,0.9666,92.91,25.28,0.8868,97.25,90.18,31.055,2.885
BATCH_01804,52.89,12.82,225.47,2857.6,2.8219,48.58,0.9312,121.72,23.27,0.8358,97.47,91.84,35.117,4.274
BATCH_01805,50.57,10.71,209.43,2751.8,2.8349,49.06,0.9405,428.18,25.27,0.8813,97.26,90.6,33.391,14.297
BATCH_01806,52.33,13.53,183.42,2633.4,2.8153,60.6,0.9632,463.36,30.25,0.899,96.91,90.34,33.459,15.503
BATCH_01807,67.14,12.57,122.39,2928.4,2.7168,46.33,0.9388,414.95,22.09,0.8692,97.35,90.36,30.701,12.74
BATCH_01808,69.07,8.56,170.97,3316.9,2.7045,52.27,0.9737,112.4,22.78,0.8156,98.04,92.07,31.582,3.55
BATCH_01809,52.35,13.81,247.58,3291.8,2.7598,54.05,0.9588,523.46,24.7,0.8281,97.44,93.31,38.267,20.031
BATCH_01810,72.16,14.12,174.23,2223.2,2.7944,60.28,0.981,435.99,23.09,0.8353,98.87,92.53,31.187,13.597
BATCH_01811,61.14,10.51,207.58,2973.1,2.8487,61.96,0.9949,97.54,16.34,0.7891,99.2,93.44,33.628,3.28
BATCH_01812,66.17,13.34,216.05,2746.6,2.6763,57.81,0.9291,113.23,21.68,0.9105,97.07,90.32,35.756,4.049
BATCH_01813,77.9,10.79,185.47,2846.5,2.6599,61.5,0.9464,576.52,26.75,0.8702,96.13,89.97,32.51,18.743
BATCH_01814,72.17,12.7,158.95,2680.5,2.7889,58.38,0.9452,466.51,29.75,0.8208,98.13,92.53,31.253,14.58
BATCH_01815,62.85,9.97,119.12,2835.3,2.8164,61.37,0.9319,164.27,19.38,0.9249,96.56,90.44,28.27,4.644
BATCH_01816,57.87,8.91,197.1,2845.4,2.8193,57.02,0.984,155.79,19.36,0.8391,97.05,92.69,30.98,4.826
BATCH_01817,47.79,11.73,159.63,2626.3,2.7857,46.36,0.98,517.49,24.12,0.8776,96.71,89.63,31.074,16.081
BATCH_01818,59.25,12.25,184.4,2531.1,2.8408,51.83,0.9583,92.22,15.7,0.835,97.59,92.22,30.848,2.845
BATCH_01819,63.31,11.7,148.75,2665.4,2.7522,55.99,0.9625,453.65,22.22,0.7878,98.62,92.12,29.446,13.358
BATCH_01820,57.1,10.13,173.37,2870.3,2.8328,50.96,0.9247,148.83,17.06,0.8144,97.85,93.55,31.95,4.755
BATCH_01821,63.95,11.7,180.84,2979.7,2.8436,49.65,0.9639,423.27,29.48,0.8515,97.87,92.68,33.712,14.269
BATCH_01822,65.61,13.04,186.71,3056.0,2.8194,54.82,0.9825,466.85,20.92,0.9058,96.8,89.83,34.643,16.173
BATCH_01823,63.2,12.41,152.13,2651.7,2.712,60.87,0.9653,410.08,30.61,0.8842,97.81,90.91,30.342,12.443
BATCH_01824,59.8,12.87,209.92,2885.2,2.6892,45.59,0.941,379.86,28.45,0.8764,98.44,89.13,34.496,13.104
BATCH_01825,66.35,11.16,165.08,3088.8,2.7596,58.08,0.9727,103.1,21.41,0.7908,98.18,94.52,32.395,3.34
BATCH_01826,68.54,14.84,138.14,3149.7,2.7406,57.29,0.9486,137.82,19.71,0.9225,96.47,90.7,33.389,4.602
BATCH_01827,56.28,10.15,177.27,2782.4,2.8256,61.39,0.963,123.8,23.23,0.8811,97.24,92.26,30.685,3.799
BATCH_01828,76.29,13.48,180.86,2733.7,2.67,60.82,0.9585,456.31,23.58,0.8678,96.87,92.34,33.778,15.413
BATCH_01829,64.21,14.86,184.01,2857.3,2.7015,57.96,0.9501,538.61,25.38,0.9183,95.93,88.88,34.672,18.675
BATCH_01830,65.15,13.46,214.05,2455.1,2.8004,53.85,0.9768,434.39,20.89,0.9234,95.97,90.86,33.243,14.44
BATCH_01831,70.67,12.09,174.09,2741.9,2.669,48.47,0.9898,373.7,26.99,0.9201,96.64,91.54,32.487,12.14
BATCH_01832,66.87,11.44,177.01,3023.4,2.7142,54.27,0.9204,139.14,25.06,0.8645,96.91,90.06,33.443,4.653
BATCH_01833,72.63,14.57,152.42,2992.6,2.7274,58.01,0.9938,406.85,22.64,0.8347,98.14,92.19,31.982,13.012
BATCH_01834,67.3,9.65,200.51,2718.9,2.7745,60.23,0.9604,50.41,21.15,0.9148,96.43,89.84,31.836,1.605
BATCH_01835,60.1,10.56,184.61,2865.3,2.6816,58.43,0.9754,119.4,23.26,0.8211,98.34,93.59,31.463,3.757
BATCH_01836,67.89,11.7,169.5,2552.6,2.8221,48.32,0.9876,480.74,20.73,0.9541,95.43,86.75,31.491,15.139
BATCH_01837,55.85,14.98,132.38,3011.0,2.7395,55.19,0.9569,162.22,24.23,0.8777,97.29,93.02,32.861,5.331
BATCH_01838,65.87,13.26,216.11,2776.7,2.8334,50.65,0.986,410.5,24.34,0.8346,97.61,92.25,33.968,13.944
BATCH_01839,64.73,10.56,149.31,2717.2,2.7436,45.16,0.934,481.53,25.05,0.8282,98.14,93.45,28.158,13.559
BATCH_01840,63.34,11.88,165.22,2691.5,2.705,48.4,0.9326,132.7,31.06,0.8269,98.75,92.51,31.563,4.188
BATCH_01841,63.97,11.27,188.96,2781.1,2.6784,46.92,0.9719,103.49,23.47,0.884,97.26,91.52,31.434,3.253
BATCH_01842,49.95,11.08,150.09,2665.6,2.6507,59.33,0.9887,520.94,28.02,0.8786,97.42,88.86,30.004,15.63
BATCH_01843,60.61,14.46,142.66,2997.4,2.7564,49.39,0.9905,132.74,24.92,0.8299,98.55,92.11,32.122,4.264
BATCH_01844,65.74,9.76,126.9,2681.4,2.6714,49.84,0.9709,442.73,23.05,0.8655,96.76,92.38,28.03,12.41
BATCH_01845,66.28,15.72,198.02,3277.9,2.7283,61.32,0.9615,83.57,23.52,0.8255,99.02,92.9,38.082,3.182
BATCH_01846,56.78,14.16,166.37,3239.6,2.7679,51.44,0.9462,163.15,23.76,0.9042,96.19,88.85,37.135,6.059
BATCH_01847,75.13,14.68,253.18,2532.5,2.7051,45.16,0.9974,134.49,25.12,0.8789,97.66,91.17,35.026,4.711
BATCH_01848,58.07,11.57,155.14,2820.9,2.685,49.83,0.9453,113.39,20.16,0.8664,97.77,90.69,31.632,3.587
BATCH_01849,72.76,12.2,156.96,2604.8,2.8049,47.03,0.9788,119.91,18.14,0.8305,97.66,91.57,30.047,3.603
BATCH_01850,68.42,9.63,165.87,2702.0,2.8394,46.75,0.962,516.24,26.62,0.8705,97.86,89.88,30.736,15.867
BATCH_01851,59.83,11.45,186.08,3400.7,2.6701,46.32,0.9681,437.41,27.59,0.8663,97.69,92.13,35.411,15.489
BATCH_01852,79.2,13.49,168.24,2707.7,2.6811,55.09,0.9511,101.1,26.98,0.8961,96.14,89.8,33.389,3.376
BATCH_01853,55.45,15.09,195.31,2908.1,2.842,48.22,0.9962,447.76,24.62,0.8905,97.16,92.98,35.463,15.879
BATCH_01854,72.35,10.29,155.54,2962.4,2.6576,51.14,0.9652,107.33,27.07,0.9159,96.49,88.7,30.354,3.258
BATCH_01855,73.0,11.77,145.46,2499.8,2.8455,59.65,0.9941,115.28,26.85,0.8653,97.25,92.3,29.916,3.449
BATCH_01856,59.64,12.2,135.04,2543.5,2.6509,52.21,0.9206,124.02,27.15,0.8108,97.48,93.84,28.796,3.571
BATCH_01857,76.14,9.71,124.41,2438.2,2.8247,60.57,0.9652,119.83,20.56,0.9253,95.76,88.79,26.978,3.233
BATCH_01858,63.0,13.68,167.05,2534.2,2.7115,53.46,0.9767,138.39,19.61,0.8486,97.64,91.07,30.922,4.279
BATCH_01859,67.31,11.05,172.48,1945.0,2.8377,51.78,0.9789,132.18,22.45,0.8422,98.03,91.07,28.578,3.777
BATCH_01860,67.08,12.11,164.21,2963.4,2.7134,57.76,0.9915,82.3,23.93,0.8852,96.44,90.47,33.559,2.762
BATCH_01861,63.93,11.6,211.09,3416.3,2.7809,46.24,0.9203,86.05,23.03,0.8995,96.63,90.82,35.294,3.037
BATCH_01862,71.49,10.92,210.7,2844.3,2.666,46.52,0.92,480.86,16.49,0.8666,97.63,92.86,33.868,16.286
BATCH_01863,71.35,12.49,171.63,2375.1,2.6985,56.08,0.9573,165.72,30.89,0.8668,97.75,92.6,30.077,4.984
BATCH_01864,51.01,12.07,135.15,2607.2,2.8047,53.28,0.9223,98.71,22.9,0.8731,96.3,89.71,28.124,2.776
BATCH_01865,75.43,11.76,165.83,2662.3,2.7557,58.44,0.997,114.79,24.69,0.9459,96.25,88.36,31.477,3.613
BATCH_01866,51.7,11.04,165.0,2494.7,2.8356,60.58,0.9375,449.99,28.98,0.8896,96.84,92.18,29.234,13.155
BATCH_01867,73.26,13.14,163.57,3058.1,2.7358,51.6,0.9573,430.53,14.62,0.8514,97.6,91.18,31.69,13.643
BATCH_01868,74.01,15.81,162.56,3043.1,2.824,55.14,0.9248,124.46,21.95,0.8523,96.43,91.83,33.645,4.187
BATCH_01869,56.27,12.78,163.66,2453.4,2.7398,53.51,0.9612,155.02,22.45,0.881,97.91,89.41,29.717,4.607
BATCH_01870,61.71,14.49,170.34,3017.5,2.8458,61.69,0.95,460.56,22.65,0.901,96.87,91.73,33.655,15.5
BATCH_01871,56.15,9.72,164.11,3258.0,2.842,59.13,0.9235,99.91,23.31,0.9113,95.78,88.38,31.284,3.126
BATCH_01872,63.28,12.82,185.21,3370.8,2.7158,60.5,0.9465,188.83,29.79,0.8973,97.03,89.03,35.095,6.627
BATCH_01873,62.54,10.31,189.01,3600.0,2.8272,49.32,0.9509,121.96,26.69,0.8591,97.71,92.75,34.36,4.191
BATCH_01874,71.24,9.55,157.23,2529.4,2.8195,58.13,0.9982,105.57,27.83,0.8763,97.93,93.16,29.067,3.069
BATCH_01875,75.48,11.02,211.78,3600.0,2.6921,49.51,0.9364,463.14,24.19,0.9231,96.01,89.45,37.342,17.294
BATCH_01876,76.17,14.88,155.5,2693.7,2.7749,48.55,0.963,108.27,18.4,0.8483,97.3,91.39,32.21,3.487
BATCH_01877,60.5,14.4,139.55,2622.3,2.6645,61.05,0.998,161.57,15.68,0.876,97.01,92.16,30.652,4.953
BATCH_01878,63.33,12.99,189.52,2898.1,2.8173,45.33,0.9826,98.23,17.88,0.919,96.82,90.38,33.758,3.316
BATCH_01879,51.53,9.43,159.56,2625.4,2.6849,61.41,0.9985,348.12,25.44,0.9305,95.96,89.4,28.89,10.057
BATCH_01880,58.55,12.11,188.03,2919.7,2.6642,47.54,0.9965,510.4,24.13,0.8883,96.66,90.43,32.661,16.67
BATCH_01881,72.72,13.1,119.91,2404.0,2.73,58.93,0.9587,152.28,23.16,0.88,97.14,89.57,28.883,4.398
BATCH_01882,77.92,12.85,214.81,2728.4,2.7654,49.69,0.975,480.55,22.53,0.844,96.08,90.94,32.586,15.659
BATCH_01883,55.13,8.81,196.81,3185.7,2.821,50.96,0.9287,91.68,32.05,0.9183,97.23,90.01,33.188,3.043
BATCH_01884,60.26,10.72,142.49,2782.9,2.8448,48.68,0.9549,151.89,20.71,0.9505,96.86,88.8,29.893,4.541
BATCH_01885,64.79,12.37,143.03,2842.5,2.7379,54.95,0.9839,84.78,27.71,1.0,94.84,86.9,32.099,2.721
BATCH_01886,67.24,13.57,221.81,2942.6,2.6621,50.92,0.9599,93.82,24.01,0.9141,95.87,89.32,34.901,3.274
BATCH_01887,58.52,8.11,161.57,3151.2,2.7998,56.18,0.9755,99.91,23.76,0.8971,97.07,91.3,30.848,3.082
BATCH_01888,68.39,12.18,159.15,2303.4,2.763,45.27,0.9789,132.59,28.71,0.8628,97.29,92.49,29.547,3.918
BATCH_01889,61.21,12.79,123.35,2975.4,2.7396,46.09,0.94,120.83,29.85,0.8249,98.72,92.3,28.726,3.471
BATCH_01890,64.88,14.2,171.23,2719.6,2.7119,46.69,0.9892,115.82,23.04,0.9076,96.35,89.96,32.052,3.712
BATCH_01891,69.37,13.89,174.31,2850.0,2.7505,52.12,0.9563,123.66,27.2,0.9949,95.38,87.18,33.915,4.194
BATCH_01892,65.05,13.67,197.89,3118.0,2.7177,58.85,0.9366,134.78,25.46,0.9522,95.89,90.13,36.255,4.887
BATCH_01893,61.51,10.9,145.02,2441.7,2.8014,60.1,0.9884,136.71,24.03,0.9465,95.7,89.38,29.13,3.982
BATCH_01894,64.12,8.68,141.99,2496.2,2.7588,49.16,0.953,410.92,24.82,0.9121,96.71,90.64,28.093,11.544
BATCH_01895,64.29,11.71,191.27,2219.4,2.8254,54.76,0.9793,165.5,21.25,0.9171,96.99,90.5,29.786,4.93
BATCH_01896,62.04,14.5,205.17,2635.3,2.7587,58.06,0.9633,119.47,22.78,0.8062,98.56,92.82,32.504,3.883
BATCH_01897,62.93,15.29,140.72,3199.1,2.6977,49.91,0.9502,106.97,21.68,0.9341,96.23,88.51,34.125,3.65
BATCH_01898,77.79,13.92,207.04,2763.8,2.8202,51.95,0.984,135.34,27.61,0.8809,95.66,88.78,33.574,4.544
BATCH_01899,69.49,13.36,180.94,2398.0,2.7614,53.91,0.9662,91.39,23.62,0.8765,97.83,92.36,30.768,2.812
BATCH_01900,62.64,13.26,207.3,2654.3,2.6914,47.29,0.9509,103.03,18.81,0.892,97.47,90.09,34.598,3.565
BATCH_01901,70.58,11.39,178.24,2353.6,2.7747,45.44,0.9287,144.98,21.11,0.8911,96.71,90.43,30.344,4.399
BATCH_01902,62.33,12.24,116.94,2462.4,2.7215,47.6,0.9907,116.9,11.2,0.8772,97.23,90.08,27.472,3.211
BATCH_01903,74.38,15.84,176.2,2916.6,2.8189,55.66,0.9228,448.26,22.02,0.9069,97.33,89.2,34.26,15.357
BATCH_01904,67.96,10.61,206.5,2447.8,2.7407,46.25,0.9882,535.79,24.15,0.8844,96.59,90.25,32.023,17.158
BATCH_01905,64.14,15.73,157.66,3133.8,2.7953,48.22,0.9484,121.22,23.46,0.9112,96.9,91.98,34.9,4.23
BATCH_01906,68.58,11.86,170.3,2778.7,2.6691,50.74,0.9705,148.55,31.92,0.8482,97.49,92.66,30.494,4.53
BATCH_01907,52.43,15.15,175.6,2825.7,2.7292,46.32,0.9929,148.21,26.3,0.8996,97.78,90.08,32.452,4.81
BATCH_01908,55.99,9.69,107.51,2716.5,2.8466,48.26,0.932,442.92,26.12,0.8647,97.43,92.64,28.534,12.638
BATCH_01909,55.45,13.67,221.78,3031.9,2.8117,60.49,0.9648,468.77,17.43,0.8834,97.76,90.9,35.272,16.534
BATCH_01910,66.14,11.03,157.47,3034.9,2.682,45.33,0.9804,117.38,22.54,0.9152,96.21,91.54,32.265,3.787
BATCH_01911,78.86,9.67,192.64,2900.5,2.7056,56.11,0.9798,456.75,22.05,0.8458,95.67,92.42,33.097,15.117
BATCH_01912,82.85,12.94,177.83,2969.4,2.716,51.53,0.9615,55.81,20.86,0.8775,93.97,88.47,33.491,1.869
BATCH_01913,70.1,14.52,211.44,2736.4,2.7801,56.44,0.9694,108.82,20.8,0.9336,96.37,89.79,34.849,3.792
BATCH_01914,69.01,10.81,190.15,2962.7,2.8014,55.01,0.9798,141.3,16.77,0.8548,97.42,92.52,31.539,4.456
BATCH_01915,50.59,9.5,174.13,2698.6,2.7999,48.8,0.9864,419.43,18.9,0.9828,95.76,88.38,29.805,12.501
BATCH_01916,60.66,12.32,157.66,2800.7,2.752,59.4,0.9802,99.24,27.5,0.9604,95.67,87.13,32.198,3.195
BATCH_01917,58.7,12.33,199.95,2717.6,2.8122,53.36,0.948,131.56,23.43,0.8929,95.88,90.14,34.405,4.526
BATCH_01918,60.03,13.6,133.16,2662.8,2.7374,58.98,0.9987,437.32,21.97,0.8816,97.51,90.15,29.975,13.109
BATCH_01919,63.65,14.4,196.15,2593.3,2.6748,51.9,0.9543,519.02,23.98,0.9216,95.98,89.34,33.406,17.338
BATCH_01920,61.22,12.38,152.52,2940.3,2.7629,61.74,0.9219,421.93,28.67,0.8561,97.35,93.58,32.113,13.55
BATCH_01921,49.17,16.21,211.31,3193.2,2.8405,58.1,0.9486,427.08,24.02,0.8343,98.76,93.49,36.858,15.741
BATCH_01922,70.98,12.95,184.03,3151.3,2.8086,61.42,0.9301,139.04,26.16,0.8965,97.71,91.14,34.76,4.833
BATCH_01923,56.42,11.81,196.1,2423.0,2.7657,53.74,0.9296,96.31,20.61,0.91,96.29,91.14,31.743,3.057
BATCH_01924,66.91,9.28,182.05,3186.8,2.7794,53.05,0.9422,113.65,21.53,0.9196,96.72,88.18,32.447,3.687
BATCH_01925,81.59,11.97,136.19,2704.6,2.8361,57.84,0.9242,91.11,25.42,0.8916,93.99,88.39,29.797,2.715
BATCH_01926,57.64,11.83,158.48,2980.2,2.7357,59.96,0.9744,55.75,31.57,0.9676,95.49,89.71,33.853,1.887
BATCH_01927,44.76,14.42,196.81,2528.1,2.7163,61.39,0.9258,502.47,29.72,0.8573,97.22,89.51,33.7,16.933
BATCH_01928,62.71,13.42,184.17,2842.6,2.8454,50.52,0.9361,119.91,26.33,0.8721,96.41,92.12,34.281,4.111
BATCH_01929,73.81,10.14,209.52,2894.1,2.8227,58.58,0.9273,159.94,24.61,0.9375,96.13,88.16,32.82,5.249
BATCH_01930,80.67,12.84,190.08,2354.6,2.7146,48.58,0.925,141.43,29.6,0.872,95.13,86.67,32.318,4.571
BATCH_01931,55.16,13.84,155.83,2982.5,2.7428,54.27,0.9412,111.14,27.18,0.8709,96.97,92.71,33.277,3.699
BATCH_01932,68.97,15.56,160.1,3203.8,2.733,48.06,0.9652,117.92,14.83,0.9243,96.94,88.94,33.925,4.0
BATCH_01933,61.28,14.28,182.57,2747.6,2.6798,50.91,0.9962,134.15,19.78,0.8777,97.08,90.49,33.869,4.544
BATCH_01934,64.15,14.02,122.15,3208.1,2.8416,60.83,0.9892,144.17,25.35,0.915,96.29,91.19,31.955,4.607
BATCH_01935,86.15,12.62,221.84,2743.1,2.7309,47.48,0.9892,382.29,16.85,0.8927,92.81,85.14,33.361,12.754
BATCH_01936,52.98,13.28,191.04,3054.9,2.8251,55.75,0.9339,147.64,20.41,0.8867,96.24,90.78,34.72,5.126
BATCH_01937,67.03,15.0,210.68,2134.4,2.6879,55.08,0.9409,112.58,21.2,0.8375,98.36,92.08,32.946,3.709
BATCH_01938,68.74,9.83,140.48,3525.6,2.7596,47.05,0.926,459.74,22.98,0.9277,96.05,90.2,32.523,14.952
BATCH_01939,73.69,11.8,211.11,3248.6,2.6548,50.54,0.9815,450.78,22.85,0.8726,97.85,91.11,35.429,15.971
BATCH_01940,65.78,10.95,235.79,2714.6,2.8028,54.57,0.9255,125.13,22.84,0.9163,97.1,90.28,34.182,4.277
BATCH_01941,67.46,13.26,146.98,2208.4,2.7662,48.18,0.964,377.58,27.3,0.903,97.09,90.02,31.096,11.741
BATCH_01942,61.87,14.96,199.29,2886.4,2.7751,58.61,0.9396,86.58,22.94,0.9156,96.09,90.53,34.494,2.987
BATCH_01943,67.15,11.31,180.03,2366.8,2.6603,61.53,0.9392,131.18,22.46,0.9184,95.82,90.42,31.166,4.089
BATCH_01944,62.25,7.72,141.39,2933.5,2.6922,48.65,0.9983,109.84,18.6,0.9325,95.59,91.62,28.994,3.185
BATCH_01945,69.97,11.68,192.32,2923.5,2.6649,48.18,0.9798,115.85,28.1,0.8961,97.48,90.32,32.678,3.786
BATCH_01946,62.04,14.33,200.84,2517.6,2.7078,52.73,0.9861,111.01,21.31,0.9754,95.45,88.38,34.055,3.78
BATCH_01947,68.02,13.58,164.97,3136.3,2.7755,57.71,0.9652,403.32,19.65,0.8522,97.39,92.13,32.459,13.091
BATCH_01948,64.77,13.36,209.15,3041.7,2.7632,49.79,0.9888,476.07,24.85,0.9175,96.5,91.09,35.235,16.774
BATCH_01949,74.01,11.94,138.33,3092.7,2.7724,45.34,0.971,355.53,20.93,0.9605,96.29,87.88,31.861,11.328
BATCH_01950,64.59,9.94,142.63,2802.7,2.7599,54.2,0.9947,458.84,21.9,0.9466,96.44,89.45,28.556,13.103
BATCH_01951,50.82,13.53,183.41,2375.3,2.7046,61.26,0.9422,141.25,25.03,0.8889,97.2,88.39,32.072,4.53
BATCH_01952,75.1,10.83,180.63,3093.4,2.6989,51.65,0.967,135.05,22.69,0.8961,97.19,90.39,32.235,4.353
BATCH_01953,57.75,16.87,162.09,2718.9,2.6774,52.14,0.9745,538.99,33.25,0.8886,97.14,91.98,32.591,17.566
BATCH_01954,59.77,13.64,200.24,2383.1,2.8198,61.47,0.951,445.1,23.7,0.9533,95.99,88.44,32.151,14.311
BATCH_01955,60.23,11.34,193.27,3205.6,2.7733,56.81,0.9895,102.94,26.47,0.9001,96.99,90.77,36.125,3.719
BATCH_01956,76.0,11.28,201.45,3429.8,2.6873,57.23,0.9974,107.08,16.23,0.9404,95.77,88.5,34.337,3.677
BATCH_01957,47.91,12.31,176.92,2787.6,2.6854,54.57,0.959,416.52,20.56,0.9412,96.45,88.63,33.031,13.758
BATCH_01958,90.1,12.02,195.06,3447.7,2.8246,61.57,0.9509,162.59,19.65,1.0,89.14,81.62,35.854,5.83
BATCH_01959,73.45,14.73,168.86,2827.4,2.7985,56.71,0.9573,483.43,20.18,0.9441,95.58,88.36,33.467,16.179
BATCH_01960,66.79,12.87,231.35,2685.9,2.7819,60.22,0.9874,460.2,25.66,0.8995,97.15,90.91,35.506,16.34
BATCH_01961,64.56,11.04,159.69,2610.9,2.7314,56.89,0.971,490.92,28.14,0.874,97.43,91.61,30.439,14.943
BATCH_01962,67.28,16.28,232.63,3291.1,2.7024,57.5,0.9235,145.79,25.38,0.9219,96.66,89.16,38.927,5.675
BATCH_01963,69.17,12.6,180.87,2566.0,2.8459,49.94,0.9628,456.89,23.09,0.9286,96.26,89.98,30.976,14.153
BATCH_01964,70.16,14.04,145.61,3020.6,2.8094,50.16,0.9214,400.31,21.48,0.8454,98.13,91.14,32.842,13.147
BATCH_01965,69.44,11.28,214.2,2632.3,2.7104,58.31,0.9815,447.83,28.45,0.9057,96.73,90.97,33.586,15.041
BATCH_01966,65.72,13.23,183.15,2661.9,2.8195,50.04,0.9459,101.64,32.29,0.9466,96.32,88.03,32.784,3.332
BATCH_01967,63.42,13.12,201.28,3109.1,2.8018,54.57,0.9573,454.48,24.54,0.9138,96.34,89.89,35.792,16.267
BATCH_01968,63.79,8.72,210.6,2686.0,2.7094,49.24,0.9831,500.6,27.76,0.9743,95.33,88.34,31.901,15.97
BATCH_01969,63.44,16.53,188.45,2678.6,2.7353,58.89,0.9237,477.26,25.37,0.8737,97.52,92.42,33.97,16.213
BATCH_01970,74.07,15.08,165.19,3139.8,2.6872,46.88,0.9325,420.48,27.02,0.9636,95.45,89.02,35.129,14.771
BATCH_01971,69.75,11.71,204.39,3279.2,2.6722,59.1,0.9514,97.48,19.34,0.9735,96.58,89.57,36.322,3.541
BATCH_01972,41.48,10.3,180.02,2993.4,2.7946,55.25,0.9382,452.93,22.05,0.9757,95.7,89.11,33.055,14.971
BATCH_01973,70.25,13.2,197.15,2603.6,2.7035,48.18,0.9467,436.41,25.58,0.8752,97.25,91.82,33.405,14.578
BATCH_01974,66.56,12.67,126.16,2646.8,2.814,54.21,0.9989,117.49,28.85,0.9509,96.39,88.89,29.226,3.434
BATCH_01975,64.85,13.21,191.17,2824.0,2.8491,49.8,0.9852,427.68,20.73,0.912,96.41,91.3,35.094,15.009
BATCH_01976,61.89,12.88,164.04,2896.3,2.6653,50.5,0.9898,432.31,15.87,0.8829,97.65,90.7,32.123,13.887
BATCH_01977,73.99,13.51,221.33,2503.6,2.7446,50.98,0.994,507.39,22.01,0.9231,96.92,88.25,34.193,17.349
BATCH_01978,72.58,15.39,195.58,3016.9,2.8104,46.08,0.9469,85.91,28.04,0.9039,97.35,90.28,34.877,2.996
BATCH_01979,58.82,13.64,186.0,2825.7,2.8078,61.76,0.9435,124.54,17.66,0.9774,95.17,88.96,34.073,4.243
BATCH_01980,68.26,10.4,192.16,2285.3,2.802,45.54,0.9385,75.7,19.29,0.9615,95.06,87.33,30.972,2.345
BATCH_01981,57.23,15.23,155.04,2521.3,2.7198,56.26,0.9856,70.07,24.62,0.8953,96.65,89.84,32.387,2.269
BATCH_01982,53.96,15.78,220.58,2648.8,2.7408,51.31,0.9737,122.45,23.54,0.9129,96.47,89.02,37.224,4.558
BATCH_01983,59.99,18.8,229.78,2778.1,2.769,55.98,0.9387,124.36,26.38,0.9271,97.12,90.65,39.073,4.859
BATCH_01984,71.9,10.25,189.82,3366.8,2.8448,51.06,0.9498,151.54,19.09,0.9399,97.18,91.2,34.757,5.267
BATCH_01985,72.63,12.99,219.76,2871.5,2.7155,56.45,0.96,506.19,22.7,0.9835,95.49,88.14,35.435,17.937
BATCH_01986,69.1,8.34,165.77,2547.8,2.8346,57.4,0.9617,564.31,28.78,0.9713,95.54,89.21,28.71,16.201
BATCH_01987,70.8,13.61,160.07,2866.2,2.7039,56.74,0.9902,96.26,19.23,0.9462,95.87,89.86,33.652,3.239
BATCH_01988,69.13,11.4,181.02,2694.4,2.8478,46.94,0.9501,157.48,29.91,0.9342,96.6,91.23,32.744,5.156
BATCH_01989,59.87,16.35,190.87,2897.4,2.7841,56.17,0.9918,143.22,19.73,0.8741,98.44,90.65,34.672,4.966
BATCH_01990,68.46,10.95,170.15,2974.2,2.7427,49.76,0.9549,88.84,27.4,0.9972,95.95,87.76,33.305,2.959
BATCH_01991,71.4,9.12,193.44,3162.8,2.7727,45.49,0.979,120.95,22.51,0.9281,96.92,89.5,33.741,4.081
BATCH_01992,71.03,11.56,187.66,2792.7,2.7045,52.05,0.9935,412.61,19.42,1.0,95.65,87.98,32.327,13.338
BATCH_01993,74.51,8.55,155.04,3291.7,2.7048,52.37,0.9917,455.11,22.01,0.9547,96.32,91.63,32.116,14.617
BATCH_01994,70.67,14.0,192.97,3072.4,2.6727,52.94,0.9245,139.3,26.18,1.0,94.93,87.93,35.066,4.885
BATCH_01995,67.81,8.37,201.59,2587.8,2.6728,56.98,0.9363,441.68,23.97,0.972,95.11,87.8,29.269,12.928
BATCH_01996,73.56,12.56,184.29,3463.0,2.7195,50.25,0.9577,115.24,28.47,0.8909,96.97,89.69,35.426,4.082
BATCH_01997,64.79,8.34,208.82,2898.1,2.8026,50.36,0.9541,112.98,29.74,0.9241,96.59,91.2,32.696,3.694
BATCH_01998,57.95,11.86,149.56,2549.5,2.7716,46.03,0.9706,157.47,19.27,0.9423,95.35,88.6,30.034,4.73
BATCH_01999,63.7,15.79,191.7,3295.9,2.6705,56.68,0.9946,458.74,18.97,0.9146,96.55,90.87,39.427,18.087
BATCH_02000,59.04,13.22,150.74,3423.3,2.8204,54.65,0.9289,121.81,18.78,0.9349,95.72,88.98,34.662,4.222
